train_loss,val_loss,val_mse,pck@0.005,pck@0.01,pck@0.05
0.057352806187488815,0.0034491875364134708,123589.5,0.0,0.0,0.03030303120613098
0.004135211548683318,0.001861885384035607,171078.734375,0.0,0.0,0.01515151560306549
0.0019032564437524838,0.001222349819727242,145360.875,0.0,0.0,0.01515151560306549
0.001344588786278936,0.0010820043583710988,132777.28125,0.0,0.0,0.03030303120613098
0.0012152854840017178,0.0009798991959542036,140601.53125,0.0,0.0,0.03787878900766373
0.0010865905152803118,0.0009434295546573898,134442.859375,0.0,0.0,0.03030303120613098
0.0010273142040453174,0.0008803083134504656,137685.375,0.0,0.0,0.022727273404598236
0.0009862428308803249,0.0008903730000990132,135315.453125,0.0,0.0,0.022727273404598236
0.0009784232295880263,0.0008582191658206284,136981.203125,0.0,0.0,0.022727273404598236
0.0009147745334881951,0.0008453510235995054,133824.21875,0.0,0.0,0.022727273404598236
0.0009147627967071127,0.0008470382696638504,132798.515625,0.0,0.0,0.03030303120613098
0.0008979660395363516,0.0008554299323198696,138551.921875,0.0,0.0,0.03030303120613098
0.000887730121824213,0.0008265231541978816,134901.84375,0.0,0.0,0.03030303120613098
0.0008707543919709595,0.0008143209270201623,140415.359375,0.0,0.0,0.01515151560306549
0.0008682453189976513,0.0008459512027911842,133958.65625,0.0,0.0,0.03030303120613098
0.0008608987290327522,0.0008298537383476893,131679.15625,0.007575757801532745,0.007575757801532745,0.022727273404598236
0.0008630264942026274,0.0008025392695950965,141176.890625,0.0,0.0,0.01515151560306549
0.0008422257643277672,0.0008030630803356568,145748.25,0.0,0.0,0.022727273404598236
0.0008378429602916268,0.0008024194394238293,134589.703125,0.0,0.0,0.01515151560306549
0.000839136403307996,0.0007892392459325492,139670.71875,0.0,0.0,0.01515151560306549
0.0008269032272933559,0.0007861822959966958,134749.84375,0.0,0.0,0.01515151560306549
0.0008225327156568793,0.0007892632856965065,132394.15625,0.0,0.0,0.01515151560306549
0.0008217101567424834,0.0007809220890824994,136090.015625,0.0,0.0,0.01515151560306549
0.0008217358104461296,0.0007809989231949052,138217.09375,0.0,0.0,0.01515151560306549
0.0008189972511238673,0.0007768590779354175,133013.265625,0.0,0.0,0.01515151560306549
0.000806024964814159,0.0007847476711807152,126684.0703125,0.0,0.0,0.022727273404598236
0.0008085701900365001,0.0007743762883668145,132678.734375,0.0,0.0,0.01515151560306549
0.0008162764028053392,0.0007831599020088712,129109.8671875,0.0,0.0,0.03030303120613098
0.0007998281031508337,0.0007762263606612881,131121.859375,0.0,0.0,0.01515151560306549
0.0008012030633505095,0.0007704735617153347,133178.3125,0.0,0.0,0.03030303120613098
0.0007915318393233148,0.0007717072730883956,131401.875,0.0,0.0,0.022727273404598236
0.0007927831188267605,0.000767306424677372,125673.6875,0.0,0.0,0.022727273404598236
0.0007881684895520183,0.0007644948394348224,127805.4375,0.0,0.0,0.01515151560306549
0.0007940152427181602,0.0007783651429538926,124849.125,0.0,0.0,0.03787878900766373
0.0007848903187550604,0.0007954107907911142,129350.2265625,0.0,0.0,0.022727273404598236
0.0007927664132280784,0.0007709090908368429,138169.421875,0.0,0.0,0.03030303120613098
0.000785468289078298,0.0007684787657732765,128802.40625,0.0,0.0,0.022727273404598236
0.0007803494650447233,0.0007629360576781133,126543.7890625,0.0,0.0,0.01515151560306549
0.000779207695317878,0.0007617455751945575,126590.1015625,0.0,0.0,0.01515151560306549
0.000792884331365878,0.0007618514161246518,132228.109375,0.0,0.0,0.022727273404598236
0.0007838308811187744,0.0007693495523805419,121067.0703125,0.0,0.007575757801532745,0.03030303120613098
0.0007894865967417983,0.0007604569739972552,123944.7109375,0.0,0.0,0.01515151560306549
0.0007750237656926566,0.0007574097835458815,126041.4765625,0.0,0.0,0.03030303120613098
0.0007884439017454332,0.0007639383353913823,126702.03125,0.0,0.0,0.03030303120613098
0.0007930697915567594,0.0007794439249361554,121809.609375,0.0,0.007575757801532745,0.03030303120613098
0.0007939258304593915,0.0007628117067118486,120420.3984375,0.0,0.0,0.03787878900766373
0.0007761919140731069,0.0007620962569490075,128895.96875,0.0,0.0,0.03030303120613098
0.0007751228298399259,0.0007583472955351075,119176.0703125,0.0,0.007575757801532745,0.022727273404598236
0.0007728890685195273,0.0007536867051385343,123551.8671875,0.0,0.0,0.01515151560306549
0.0007690276146273721,0.0007516639501166841,129806.59375,0.0,0.0,0.03030303120613098
0.0007698678210462359,0.0007717879877115289,121607.6171875,0.007575757801532745,0.007575757801532745,0.022727273404598236
0.0007726600002074106,0.0007543463725596666,114728.015625,0.0,0.0,0.022727273404598236
0.0007641806838695298,0.0007506086064192156,123758.5234375,0.0,0.0,0.03787878900766373
0.0007608331983316351,0.0007499173128356537,111447.609375,0.0,0.0,0.03787878900766373
0.0007572323454289951,0.0007479231765804192,118463.3359375,0.0,0.0,0.07575757801532745
0.0007594365901737051,0.0007427864669201275,124344.3046875,0.0,0.0,0.05303030461072922
0.0007532858131030066,0.0007416683753641943,107718.796875,0.0,0.022727273404598236,0.11363636702299118
0.0007534667225131257,0.0007434553699567914,105825.9375,0.0,0.01515151560306549,0.0833333358168602
0.0007544931352392516,0.0007418243330903351,113877.4765625,0.0,0.007575757801532745,0.06818182021379471
0.0007578439703634517,0.0008006253823017081,105427.515625,0.0,0.01515151560306549,0.09848485141992569
0.0007539912529120392,0.0007414299373825391,105756.3828125,0.0,0.01515151560306549,0.0833333358168602
0.0007505350989628245,0.0007320489773216347,110704.96875,0.0,0.022727273404598236,0.12121212482452393
0.000738900043705309,0.0007537392860588928,85160.2265625,0.0,0.03787878900766373,0.14393939077854156
0.0007450612187808888,0.0007334152275385956,95967.234375,0.0,0.01515151560306549,0.13636364042758942
0.0007488253600472076,0.0007417156205823024,95415.1796875,0.0,0.022727273404598236,0.10606060922145844
0.0007395266862162812,0.0007317784669188162,88304.15625,0.0,0.03787878900766373,0.1515151560306549
0.0007406482367183675,0.0007383567669118444,115714.2578125,0.0,0.01515151560306549,0.11363636702299118
0.0007271008322608064,0.0007277597323991358,107205.390625,0.0,0.03030303120613098,0.09848485141992569
0.0007239351027899168,0.0006988148864669105,70942.8203125,0.0,0.05303030461072922,0.19696970283985138
0.0007094092540104281,0.00119250585945944,70801.4375,0.007575757801532745,0.0833333358168602,0.22727273404598236
0.0007152201142162085,0.000707924443607529,70419.2578125,0.007575757801532745,0.04545454680919647,0.1818181872367859
0.000713015451434661,0.0007860558107495308,98014.9296875,0.01515151560306549,0.03030303120613098,0.10606060922145844
0.0007094215517016975,0.0007112932701905569,90223.953125,0.01515151560306549,0.06060606241226196,0.15909090638160706
0.0007149687153287232,0.0007219120743684471,78102.9765625,0.01515151560306549,0.03787878900766373,0.19696970283985138
0.0007061866821128536,0.0006920910867241522,66186.46875,0.0,0.04545454680919647,0.21969696879386902
0.0007037924634377388,0.0007028567876356343,67576.8984375,0.007575757801532745,0.06818182021379471,0.21212121844291687
0.0006991938888941976,0.0006784695433452725,71163.4765625,0.01515151560306549,0.07575757801532745,0.21212121844291687
0.0006917079497890717,0.0008606237825006247,69614.984375,0.01515151560306549,0.06060606241226196,0.20454545319080353
0.0006782808341085911,0.0006759226865445574,68892.609375,0.022727273404598236,0.12121212482452393,0.24242424964904785
0.0006864621642638336,0.0006726552577068409,71054.4609375,0.01515151560306549,0.12878787517547607,0.20454545319080353
0.0006797593245706098,0.000678773270919919,66873.8828125,0.03030303120613098,0.1515151560306549,0.280303031206131
0.000665275702803311,0.0006608352026281258,69447.109375,0.03787878900766373,0.14393939077854156,0.2651515007019043
0.0006628954116339711,0.0006489715694139401,65477.1953125,0.05303030461072922,0.19696970283985138,0.2954545319080353
0.0006580739599567922,0.0007278333650901914,70343.765625,0.03787878900766373,0.12878787517547607,0.2348484843969345
0.0006503091849894686,0.0006972814056401452,56318.125,0.06818182021379471,0.19696970283985138,0.35606059432029724
0.0006399934857406399,0.0006810952327214181,60415.64453125,0.07575757801532745,0.24242424964904785,0.3636363744735718
0.0006414187849837948,0.0006635918592413267,57079.7109375,0.09848485141992569,0.24242424964904785,0.3181818127632141
0.0006228308246301657,0.0006415992393158376,46677.4140625,0.13636364042758942,0.280303031206131,0.3712121248245239
0.0006171490690162914,0.0008757441537454724,31385.125,0.06060606241226196,0.22727273404598236,0.39393940567970276
0.0005923034782013433,0.0006283476832322776,38747.08984375,0.17424242198467255,0.35606059432029724,0.4166666567325592
0.0005604211897165937,0.0005930437667605778,36495.8984375,0.1515151560306549,0.4015151560306549,0.47727271914482117
0.0005661587347276509,0.000673514868443211,39312.00390625,0.0833333358168602,0.24242424964904785,0.40909090638160706
0.0005312104529531842,0.0005583372937204937,37956.12890625,0.1666666716337204,0.4015151560306549,0.47727271914482117
0.000514968327479437,0.0005383165941263238,28081.22265625,0.19696970283985138,0.4318181872367859,0.5151515007019043
0.000506368971069936,0.001046738470904529,33875.24609375,0.1666666716337204,0.4015151560306549,0.5075757503509521
0.00048132940851659936,0.0006437415334706506,38577.39453125,0.10606060922145844,0.3181818127632141,0.469696968793869
0.0004614436025307937,0.00046789102877179783,43151.98046875,0.280303031206131,0.6363636255264282,0.6818181872367859
0.00042677543718706477,0.0004499354981817305,53909.76953125,0.25757575035095215,0.5833333134651184,0.6666666865348816
0.0004203199985733425,0.0004334274077943216,55307.53515625,0.24242424964904785,0.5378788113594055,0.6742424368858337
0.00038969036276367575,0.00038864731322973967,55251.59765625,0.24242424964904785,0.5909090638160706,0.6666666865348816
0.00036923421430401504,0.0005427573729927341,47200.5703125,0.1818181872367859,0.49242424964904785,0.6363636255264282
0.00035245969775132835,0.0004134483848853658,42190.20703125,0.22727273404598236,0.6287878751754761,0.7272727489471436
0.00033765393362211233,0.000339441787218675,46121.28515625,0.31060606241226196,0.6969696879386902,0.7727272510528564
0.0003164737903386016,0.000430706626502797,40484.83984375,0.1818181872367859,0.5681818127632141,0.7575757503509521
0.00030676534251225263,0.00034385981659094494,26936.6171875,0.40909090638160706,0.7803030014038086,0.8257575631141663
0.00028452037209221584,0.00026714706715817255,16963.736328125,0.5151515007019043,0.8484848737716675,0.8863636255264282
0.0002589863301678137,0.0003090987350636472,30173.349609375,0.43939393758773804,0.7954545617103577,0.8484848737716675
0.00023226743029557508,0.0002619810450899725,21929.462890625,0.5227272510528564,0.8863636255264282,0.9015151262283325
0.00024328606377821416,0.000401841903415819,26817.1875,0.4848484992980957,0.8181818127632141,0.8560606241226196
0.00022371938658497211,0.00023929366337445876,18055.380859375,0.560606062412262,0.8712121248245239,0.9015151262283325
0.000218398510531353,0.0002178221863384048,12852.8232421875,0.5454545617103577,0.8787878751754761,0.9015151262283325
0.00018863281531428748,0.00021771749986025193,24978.23828125,0.6060606241226196,0.8712121248245239,0.8939393758773804
0.00017787092127202249,0.00018451963842380792,14008.8876953125,0.6287878751754761,0.8787878751754761,0.9015151262283325
0.00016038044255269185,0.00015953406303500137,18211.484375,0.6666666865348816,0.8939393758773804,0.9090909361839294
0.00014242479995697397,0.0001546228741062805,20429.05859375,0.689393937587738,0.8939393758773804,0.9166666865348816
0.00014545535007280043,0.000163725121334816,24212.546875,0.6515151262283325,0.8787878751754761,0.9090909361839294
0.0001440656759024767,0.00018102916753074774,14895.244140625,0.6515151262283325,0.8787878751754761,0.9015151262283325
0.00014197779290208763,0.00015010064817033708,15131.8154296875,0.7272727489471436,0.8939393758773804,0.9090909361839294
0.00014875391207169741,0.00020206058009838065,20899.77734375,0.5530303120613098,0.8863636255264282,0.9090909361839294
0.0001262391478204253,0.00013764911030496782,19226.37890625,0.689393937587738,0.8939393758773804,0.9090909361839294
0.00012629569656300274,0.000141185557974192,23188.935546875,0.7045454382896423,0.8863636255264282,0.9166666865348816
0.00011934850110926412,0.0001277587095197911,20034.138671875,0.7272727489471436,0.8939393758773804,0.9090909361839294
0.00011643036189277403,0.000130764582233193,24128.640625,0.7196969985961914,0.8939393758773804,0.9090909361839294
0.00011472893807380883,0.00013059217356688654,27422.595703125,0.6742424368858337,0.8863636255264282,0.9090909361839294
0.00011497396189952269,0.00012758053101909658,23464.029296875,0.7575757503509521,0.8939393758773804,0.9090909361839294
0.00010716558145676655,0.00012016047791500266,12487.248046875,0.7651515007019043,0.9166666865348816,0.9545454382896423
0.00010743431762834503,0.00020320020363821337,35061.95703125,0.6666666865348816,0.8560606241226196,0.8939393758773804
9.745703970441933e-05,0.00011929097430159648,4147.44482421875,0.7348484992980957,0.939393937587738,0.9772727489471436
9.913805313937536e-05,0.0004328526071428011,31167.509765625,0.43939393758773804,0.7348484992980957,0.7954545617103577
8.732395045543936e-05,0.0003318339101194094,9476.8193359375,0.5454545617103577,0.810606062412262,0.8787878751754761
8.778139784805138e-05,0.00012401520749942088,4136.62548828125,0.6287878751754761,0.9318181872367859,0.9772727489471436
8.32683250667866e-05,0.0001570763076112295,4185.2509765625,0.7272727489471436,0.939393937587738,0.9696969985961914
8.414593916809694e-05,0.00017986204087113342,2372.75341796875,0.6287878751754761,0.9242424368858337,0.9772727489471436
7.016827790225348e-05,0.00010019073912796254,4101.28662109375,0.75,0.9469696879386902,0.9772727489471436
7.212798895621249e-05,7.826283884545167e-05,19.736961364746094,0.8333333134651184,0.9772727489471436,1.0
7.12925674716561e-05,8.368990287029494e-05,31.081087112426758,0.7651515007019043,0.9848484992980957,0.9924242496490479
6.100070459069684e-05,7.345669049148758e-05,23.65523338317871,0.7803030014038086,0.9848484992980957,0.9924242496490479
5.58218674665444e-05,8.373044450612117e-05,1980.4322509765625,0.7803030014038086,0.9848484992980957,0.9924242496490479
5.15094735336871e-05,6.586650367050122e-05,54.11113739013672,0.810606062412262,0.9696969985961914,0.9924242496490479
4.284648655977269e-05,6.275676908747603e-05,25.776639938354492,0.7878788113594055,0.9848484992980957,0.9924242496490479
4.357304417432963e-05,5.4004787671146914e-05,22.40174102783203,0.8560606241226196,0.9848484992980957,0.9924242496490479
4.3271069774742834e-05,5.6121662055375054e-05,24.02493667602539,0.8409090638160706,0.9848484992980957,0.9924242496490479
3.8392318443088286e-05,5.143542633353112e-05,18.45271873474121,0.8636363744735718,0.9772727489471436,1.0
4.3934964527249e-05,0.00010060104978037998,4709.40185546875,0.8030303120613098,0.9696969985961914,0.9848484992980957
3.803820883066774e-05,5.4460939281852916e-05,38.991275787353516,0.8636363744735718,0.9696969985961914,0.9848484992980957
4.125664814968001e-05,4.947241298699131e-05,20.141820907592773,0.8333333134651184,0.9848484992980957,1.0
3.381730179667515e-05,4.642797891089382e-05,9.048203468322754,0.8484848737716675,0.9848484992980957,1.0
3.787343699844893e-05,5.108113934208328e-05,22.931156158447266,0.8560606241226196,0.9696969985961914,0.9924242496490479
4.2792660678969696e-05,6.376751480274834e-05,19.274765014648438,0.8181818127632141,0.9848484992980957,1.0
3.982830920986916e-05,6.90189275095084e-05,42.61833953857422,0.810606062412262,0.9696969985961914,0.9848484992980957
3.5984522665702656e-05,6.952205391523118e-05,62.02284240722656,0.8484848737716675,0.9772727489471436,0.9924242496490479
3.5298684617208146e-05,5.093005044424596e-05,9.07984733581543,0.8409090638160706,0.9924242496490479,1.0
3.692778310241093e-05,5.218237614220319e-05,19.581829071044922,0.8409090638160706,0.9848484992980957,1.0
3.274940949764145e-05,4.8600442823953927e-05,9.246644020080566,0.8560606241226196,0.9772727489471436,1.0
3.276545099982865e-05,5.149344906385522e-05,42.38637161254883,0.8484848737716675,0.9848484992980957,0.9924242496490479
2.835163269826973e-05,4.533764392059917e-05,1977.0003662109375,0.8712121248245239,0.9848484992980957,0.9924242496490479
3.091838119540956e-05,5.366790598297181e-05,22.720949172973633,0.8409090638160706,0.9848484992980957,0.9924242496490479
2.8718871280117046e-05,6.13869645652206e-05,1977.742431640625,0.8636363744735718,0.9848484992980957,0.9924242496490479
2.8207472496433184e-05,5.3700698723938935e-05,40.50902557373047,0.8409090638160706,0.9772727489471436,0.9848484992980957
2.8884711189841088e-05,0.00012482569096998,7363.4755859375,0.810606062412262,0.9469696879386902,0.9621211886405945
3.119394469567024e-05,6.795651521921779e-05,52.1177978515625,0.810606062412262,0.9772727489471436,0.9924242496490479
3.4840441334050744e-05,5.2906445489497855e-05,17.771469116210938,0.8636363744735718,0.9848484992980957,1.0
3.265606392233167e-05,4.5970336941536516e-05,19.095563888549805,0.8787878751754761,0.9848484992980957,1.0
2.8089991081453096e-05,4.220662837421211e-05,21.28177261352539,0.8636363744735718,0.9848484992980957,0.9924242496490479
2.5828379214296795e-05,3.955914083538422e-05,58.93724822998047,0.8787878751754761,0.9848484992980957,0.9924242496490479
2.4247877511449836e-05,4.340941571475317e-05,24.98736000061035,0.8560606241226196,0.9848484992980957,0.9924242496490479
2.7029508022348058e-05,4.3128067773068324e-05,9.890257835388184,0.8560606241226196,0.9848484992980957,1.0
2.221882410098756e-05,3.7438710933201946e-05,18.848865509033203,0.8787878751754761,0.9848484992980957,0.9924242496490479
2.42764890572289e-05,4.3256341086816974e-05,24.248321533203125,0.8712121248245239,0.9848484992980957,0.9924242496490479
2.36152850861386e-05,3.923402133902224e-05,59.09729766845703,0.8863636255264282,0.9848484992980957,0.9924242496490479
2.4302906571061943e-05,5.416162336283984e-05,20.749540328979492,0.8257575631141663,0.9848484992980957,1.0
2.3085874834743496e-05,3.561774186285523e-05,23.796791076660156,0.8863636255264282,0.9848484992980957,0.9924242496490479
2.1862961148144677e-05,3.869685679092072e-05,51.86258316040039,0.8787878751754761,0.9848484992980957,0.9924242496490479
2.1945745836340144e-05,4.4788911206220895e-05,58.397762298583984,0.9015151262283325,0.9848484992980957,0.9924242496490479
2.0840161265699532e-05,3.751381821833396e-05,21.160737991333008,0.8863636255264282,0.9848484992980957,0.9924242496490479
2.1624111716598485e-05,3.6458697043902553e-05,54.55961608886719,0.8939393758773804,0.9848484992980957,0.9924242496490479
2.2212689311180096e-05,4.0954888390842825e-05,20.40057945251465,0.8636363744735718,0.9772727489471436,0.9924242496490479
2.1768278284897942e-05,3.8555848126028046e-05,31.180219650268555,0.9090909361839294,0.9848484992980957,0.9924242496490479
2.0485726054175757e-05,3.689825643959921e-05,130.2817840576172,0.8939393758773804,0.9848484992980957,0.9924242496490479
2.319272061868105e-05,3.704981524303245e-05,21.697595596313477,0.8939393758773804,0.9848484992980957,0.9924242496490479
2.075203850505535e-05,5.714326956270573e-05,42.983848571777344,0.8181818127632141,0.9772727489471436,0.9848484992980957
1.9602019495902244e-05,5.330873500497546e-05,1906.650390625,0.9015151262283325,0.9848484992980957,0.9924242496490479
2.072909592243377e-05,3.425000492522182e-05,7.298765659332275,0.8939393758773804,0.9924242496490479,1.0
2.0967656051983464e-05,3.882693029784908e-05,7.366360187530518,0.8787878751754761,0.9924242496490479,1.0
1.844415766589174e-05,3.526986074575689e-05,7.1728363037109375,0.9090909361839294,0.9848484992980957,1.0
1.8282271081592295e-05,3.268087675678544e-05,7.015360355377197,0.8939393758773804,0.9924242496490479,1.0
1.7344646122100212e-05,3.330449423325869e-05,6.8478498458862305,0.8939393758773804,0.9924242496490479,1.0
2.1150779585613318e-05,0.00011425373910848673,4115.35595703125,0.8257575631141663,0.9621211886405945,0.9772727489471436
2.117771724773444e-05,6.546688867577662e-05,7.585180759429932,0.8712121248245239,0.9924242496490479,1.0
2.7427309429516423e-05,7.198013918241486e-05,1656.302734375,0.8712121248245239,0.9696969985961914,0.9772727489471436
2.5898843887262046e-05,4.5226188376545906e-05,25.76624298095703,0.8712121248245239,0.9848484992980957,0.9924242496490479
2.4302832323221743e-05,5.308737248318115e-05,597.0224609375,0.8863636255264282,0.9772727489471436,0.9924242496490479
2.3766261371995576e-05,4.882984467258211e-05,19.283720016479492,0.8636363744735718,0.9848484992980957,1.0
2.5346366700515237e-05,4.021004860987887e-05,51.69868087768555,0.9469696879386902,0.9848484992980957,0.9924242496490479
2.19250346576287e-05,3.754712573330229e-05,7.794397354125977,0.9015151262283325,0.9848484992980957,1.0
2.406133865985215e-05,5.621809759759344e-05,64.19116973876953,0.7878788113594055,0.9848484992980957,0.9924242496490479
2.562059655081777e-05,5.868696462130174e-05,53.41169357299805,0.8636363744735718,0.9772727489471436,0.9924242496490479
2.530553683754988e-05,3.977394771936815e-05,21.65665626525879,0.8787878751754761,0.9848484992980957,0.9924242496490479
3.377154131488748e-05,6.759983079973608e-05,589.9366455078125,0.8030303120613098,0.9848484992980957,0.9924242496490479
3.201327870721632e-05,5.175238644975858e-05,31.994487762451172,0.8560606241226196,0.9772727489471436,0.9924242496490479
3.7853329889582134e-05,0.00011647273883378755,7.676862716674805,0.9015151262283325,0.9848484992980957,1.0
3.339619599335658e-05,5.993354110008416e-05,26.087501525878906,0.9015151262283325,0.9848484992980957,0.9924242496490479
3.172937795170583e-05,5.190161876574469e-05,21.335954666137695,0.8560606241226196,0.9848484992980957,0.9924242496490479
2.6179238788741216e-05,4.012432388359836e-05,20.11618995666504,0.8712121248245239,0.9848484992980957,0.9924242496490479
2.003151034428315e-05,2.930482757316592e-05,6.893447399139404,0.9166666865348816,0.9924242496490479,1.0
1.9861970692793626e-05,3.3357321323516466e-05,7.639937877655029,0.8787878751754761,0.9924242496490479,1.0
2.106294629232831e-05,4.469572680439645e-05,24.232547760009766,0.8181818127632141,0.9848484992980957,0.9924242496490479
1.873977023272098e-05,3.306939349082919e-05,7.896595478057861,0.8712121248245239,0.9924242496490479,1.0
1.751201869575942e-05,3.1367328119813465e-05,7.41790246963501,0.8863636255264282,0.9924242496490479,1.0
1.535680621600477e-05,3.1133235097513534e-05,7.1474409103393555,0.8939393758773804,0.9924242496490479,1.0
1.7774340366568968e-05,2.7025604746692505e-05,6.817426681518555,0.9015151262283325,0.9924242496490479,1.0
1.6618186981015075e-05,3.346240130971031e-05,6.624927997589111,0.9166666865348816,0.9924242496490479,1.0
1.4843777121727312e-05,3.248572708495582e-05,6.831141948699951,0.8939393758773804,0.9924242496490479,1.0
1.5586036252815656e-05,3.0987462499372974e-05,6.793034553527832,0.9318181872367859,0.9924242496490479,1.0
1.6989103228711016e-05,3.738398239268766e-05,7.2115888595581055,0.8939393758773804,0.9924242496490479,1.0
1.9316879677882586e-05,3.40655181692758e-05,7.616570472717285,0.9090909361839294,0.9848484992980957,1.0
2.1064458947380032e-05,3.953327177441679e-05,16.70258331298828,0.8560606241226196,0.9848484992980957,1.0
2.0038159742729146e-05,6.758309245924465e-05,2015.6046142578125,0.8863636255264282,0.9772727489471436,0.9848484992980957
1.9800484386161603e-05,3.419368416264964e-05,8.295198440551758,0.8712121248245239,0.9848484992980957,1.0
1.6945867586896796e-05,3.245046051839987e-05,6.746174335479736,0.9242424368858337,0.9924242496490479,1.0
1.5253730039562056e-05,3.588328521194247e-05,6.409606456756592,0.9166666865348816,0.9924242496490479,1.0
2.0032259437192064e-05,4.2117217769070216e-05,16.912229537963867,0.8863636255264282,0.9848484992980957,1.0
1.6409755021000322e-05,4.408585239919679e-05,19.442441940307617,0.9015151262283325,0.9848484992980957,0.9924242496490479
1.9036037718416825e-05,3.8781159673817456e-05,6.917182922363281,0.9318181872367859,0.9924242496490479,1.0
1.9528607233289883e-05,5.2289708037278615e-05,7.87947416305542,0.8787878751754761,0.9848484992980957,1.0
2.0452775557218544e-05,5.194325422053225e-05,2983.04296875,0.8863636255264282,0.9848484992980957,0.9924242496490479
1.8438236028569836e-05,3.17950264919394e-05,7.426560401916504,0.9015151262283325,0.9924242496490479,1.0
1.9592063009357926e-05,3.2626421671011485e-05,7.711350917816162,0.8863636255264282,0.9924242496490479,1.0
2.023786427426702e-05,0.00014839944196864963,2564.9501953125,0.8181818127632141,0.9545454382896423,0.9696969985961914
1.900459094692699e-05,6.618100087507628e-05,2019.82958984375,0.8712121248245239,0.9545454382896423,0.9924242496490479
2.0350537604165517e-05,3.8513562079363815e-05,7.506234645843506,0.8939393758773804,0.9848484992980957,1.0
1.540578349787128e-05,3.658324870533155e-05,8.993267059326172,0.8636363744735718,0.9848484992980957,1.0
1.7473945924641818e-05,3.357008063176181e-05,7.041431427001953,0.8939393758773804,0.9924242496490479,1.0
1.6255979310451288e-05,3.935880461843529e-05,15.359957695007324,0.8939393758773804,0.9848484992980957,1.0
1.741634357379305e-05,3.401957898555944e-05,7.02084493637085,0.939393937587738,0.9924242496490479,1.0
1.7436620592806403e-05,3.68499301354556e-05,140.21798706054688,0.9242424368858337,0.9848484992980957,0.9924242496490479
1.6344416673580948e-05,4.8548875687023006e-05,1210.014404296875,0.8787878751754761,0.9696969985961914,0.9848484992980957
1.581469132361235e-05,3.8373091835334584e-05,31.884998321533203,0.9090909361839294,0.9772727489471436,0.9924242496490479
1.4429483433725016e-05,3.83256483473815e-05,580.1005859375,0.8787878751754761,0.9848484992980957,0.9924242496490479
1.2961716327646917e-05,3.159180050715804e-05,6.671804904937744,0.9015151262283325,0.9924242496490479,1.0
1.2611064696763854e-05,2.8644328873876173e-05,6.418556213378906,0.939393937587738,0.9924242496490479,1.0
1.2774806154166898e-05,3.0748532784249015e-05,5.9486541748046875,0.9318181872367859,0.9924242496490479,1.0
1.3468401365654161e-05,2.843208737128104e-05,6.545620441436768,0.9166666865348816,0.9924242496490479,1.0
1.3647743385676717e-05,2.861682575409456e-05,6.918240070343018,0.9166666865348816,0.9848484992980957,1.0
1.1307052277102644e-05,2.983926727514093e-05,6.261282444000244,0.9318181872367859,0.9924242496490479,1.0
1.383379483079559e-05,3.838751763396431e-05,578.9088134765625,0.9090909361839294,0.9848484992980957,0.9924242496490479
1.3764748638839757e-05,3.647547115785225e-05,137.4424591064453,0.9166666865348816,0.9848484992980957,0.9924242496490479
1.226660945328397e-05,3.018429500419491e-05,6.681666851043701,0.9318181872367859,0.9848484992980957,1.0
1.2106414363767147e-05,2.9367609992429305e-05,6.077011585235596,0.9242424368858337,0.9924242496490479,1.0
1.1813787998769179e-05,2.7702584096308176e-05,6.5016770362854,0.939393937587738,0.9924242496490479,1.0
1.679101668824759e-05,4.728743988380302e-05,140.8828582763672,0.8787878751754761,0.9848484992980957,0.9924242496490479
1.236498254994248e-05,5.377585633444445e-05,1186.7730712890625,0.9090909361839294,0.9772727489471436,0.9848484992980957
1.4934444152459037e-05,3.555664928474774e-05,7.923574924468994,0.8863636255264282,0.9924242496490479,1.0
1.4413042084594384e-05,2.9351487683015876e-05,6.89031982421875,0.9318181872367859,0.9848484992980957,1.0
1.4614835642780896e-05,3.8164067518664524e-05,6.330150127410889,0.939393937587738,0.9924242496490479,1.0
1.5087993729552677e-05,2.8035473102742497e-05,7.059309005737305,0.9166666865348816,0.9924242496490479,1.0
1.6173525430283256e-05,4.461499702301808e-05,8.038786888122559,0.8712121248245239,0.9848484992980957,1.0
2.309119488266085e-05,4.546659814271455e-05,61.90399169921875,0.8712121248245239,0.9848484992980957,0.9924242496490479
1.8848889174643606e-05,3.955714055337012e-05,53.84153747558594,0.9318181872367859,0.9848484992980957,0.9924242496490479
2.2747583732945547e-05,3.738485914558017e-05,8.016639709472656,0.9015151262283325,0.9848484992980957,1.0
1.973581005255586e-05,4.8862045635663286e-05,7.246728897094727,0.9242424368858337,0.9924242496490479,1.0
1.598585334828716e-05,3.143652793369256e-05,6.4580512046813965,0.9318181872367859,0.9924242496490479,1.0
1.540276438886808e-05,3.747868565066407e-05,18.396814346313477,0.939393937587738,0.9848484992980957,0.9924242496490479
1.3363439310606653e-05,3.662140200807092e-05,579.0924072265625,0.9318181872367859,0.9848484992980957,0.9924242496490479
1.3573198223391294e-05,3.188645071835102e-05,6.344789505004883,0.939393937587738,0.9924242496490479,1.0
1.4064089141770223e-05,2.6752475605462678e-05,50.801517486572266,0.9469696879386902,0.9848484992980957,0.9924242496490479
1.2404808578801088e-05,2.978443929653925e-05,618.49365234375,0.939393937587738,0.9848484992980957,0.9924242496490479
4.043941581502705e-05,0.0026842852433522544,169785.296875,0.0,0.0,0.03030303120613098
0.0001174507937817411,0.0008185511493744949,39557.125,0.09090909361839294,0.22727273404598236,0.43939393758773804
0.0001224014234718528,0.00019344782049302012,4998.67626953125,0.7424242496490479,0.9469696879386902,0.9772727489471436
8.241057697556575e-05,0.00014140004107806212,4468.00390625,0.7272727489471436,0.9545454382896423,0.9772727489471436
6.341044387557882e-05,8.418918878305703e-05,2630.507568359375,0.8333333134651184,0.9696969985961914,0.9848484992980957
4.696293399319984e-05,6.512744585052133e-05,21.384559631347656,0.8863636255264282,0.9848484992980957,0.9924242496490479
8.942787793454376e-05,0.0008673690802728137,123006.5859375,0.05303030461072922,0.10606060922145844,0.21969696879386902
0.00021787026410245082,0.000619687702662001,45436.3203125,0.3712121248245239,0.6742424368858337,0.7348484992980957
0.00016580720098731533,0.00026359394541941583,5630.69677734375,0.7196969985961914,0.9015151262283325,0.9545454382896423
0.00010704605268653144,0.0001201077150957038,62.078392028808594,0.7424242496490479,0.9545454382896423,0.9924242496490479
7.383678398169154e-05,8.47578218478399e-05,18.980257034301758,0.8560606241226196,0.9772727489471436,1.0
5.1889278521147474e-05,7.236785192314225e-05,23.516494750976562,0.810606062412262,0.9696969985961914,0.9924242496490479
4.97039850002197e-05,7.872138060823393e-05,133.3714599609375,0.8409090638160706,0.9848484992980957,0.9924242496490479
4.378023632770319e-05,9.478569215085979e-05,3068.34423828125,0.8484848737716675,0.9621211886405945,0.9848484992980957
3.947075906167315e-05,6.305995702859946e-05,18.611282348632812,0.8560606241226196,0.9848484992980957,1.0
3.586173525863242e-05,5.4521993054853134e-05,131.18319702148438,0.8939393758773804,0.9772727489471436,0.9924242496490479
3.548604267548812e-05,0.00010055470920633525,53.08214569091797,0.8636363744735718,0.9772727489471436,0.9924242496490479
4.10262984422099e-05,9.409250924363732e-05,1624.758056640625,0.8712121248245239,0.9621211886405945,0.9696969985961914
3.916227863307788e-05,8.779352962543878e-05,2745.677978515625,0.8333333134651184,0.9696969985961914,0.9772727489471436
3.175815915958744e-05,5.1218974476796575e-05,28.73939323425293,0.8712121248245239,0.9772727489471436,0.9924242496490479
2.890760780163956e-05,4.2038950293014445e-05,8.77454948425293,0.8939393758773804,0.9848484992980957,1.0
2.5197448849212378e-05,4.043322284511911e-05,8.921860694885254,0.8712121248245239,0.9848484992980957,1.0
2.4276222988687962e-05,3.9434115630380497e-05,8.02073860168457,0.9015151262283325,0.9848484992980957,1.0
2.7043067596175454e-05,3.761828823674781e-05,10.7020902633667,0.8712121248245239,0.9848484992980957,1.0
2.4615122211716052e-05,3.794433663036519e-05,55.22883605957031,0.8939393758773804,0.9772727489471436,0.9924242496490479
2.48302855073813e-05,3.663901770778466e-05,7.915767669677734,0.8939393758773804,0.9848484992980957,1.0
2.3544560297688637e-05,6.533806420823869e-05,63.19614028930664,0.8333333134651184,0.9848484992980957,0.9924242496490479
2.3137670558009464e-05,6.831487674692956e-05,4989.22705078125,0.8636363744735718,0.9621211886405945,0.9848484992980957
2.3013646238144826e-05,4.6567999864540376e-05,64.70281982421875,0.8560606241226196,0.9848484992980957,0.9924242496490479
2.6811408216334794e-05,4.477079528442118e-05,42.97541809082031,0.8787878751754761,0.9848484992980957,0.9924242496490479
2.164272518712096e-05,3.614104813702094e-05,7.313624858856201,0.8939393758773804,0.9924242496490479,1.0
2.1967419756534085e-05,3.764027618065787e-05,24.62217140197754,0.8939393758773804,0.9848484992980957,0.9924242496490479
2.1638638992788568e-05,4.0736262841771044e-05,132.81320190429688,0.8863636255264282,0.9848484992980957,0.9924242496490479
2.2551041927892417e-05,4.321099186199717e-05,19.70488929748535,0.9090909361839294,0.9848484992980957,0.9924242496490479
1.915415751599622e-05,3.894096092456797e-05,56.870887756347656,0.8939393758773804,0.9848484992980957,0.9924242496490479
2.0129444981814064e-05,4.1622339267632924e-05,8.873160362243652,0.8636363744735718,0.9772727489471436,1.0
1.706163625799077e-05,3.286564788140822e-05,6.992546081542969,0.9166666865348816,0.9924242496490479,1.0
1.6509217940355565e-05,3.487703967645454e-05,8.792614936828613,0.8863636255264282,0.9848484992980957,1.0
2.2782289058589164e-05,5.393180314664884e-05,26.407978057861328,0.8787878751754761,0.9848484992980957,0.9924242496490479
1.904694933976068e-05,4.0596235824826486e-05,2362.837158203125,0.9090909361839294,0.9848484992980957,0.9924242496490479
2.0340417160530872e-05,3.5269480576971546e-05,7.501384735107422,0.9090909361839294,0.9924242496490479,1.0
1.7831158236896787e-05,4.1767973622578815e-05,2429.310546875,0.9166666865348816,0.9848484992980957,0.9924242496490479
1.5381184477353766e-05,3.258189644839149e-05,7.014183521270752,0.9166666865348816,0.9924242496490479,1.0
1.4079494824479546e-05,2.8962568345984135e-05,7.254518985748291,0.9015151262283325,0.9924242496490479,1.0
1.3456803654579827e-05,3.48150521555605e-05,7.640310287475586,0.8787878751754761,0.9924242496490479,1.0
1.5119191464856902e-05,4.1181262228443906e-05,1892.53857421875,0.8939393758773804,0.9848484992980957,0.9924242496490479
1.785363697722046e-05,5.065095683676191e-05,98.29774475097656,0.9015151262283325,0.9848484992980957,0.9924242496490479
3.1102501617913895e-05,0.00013551594990227991,6020.33642578125,0.6969696879386902,0.9166666865348816,0.9621211886405945
2.214848675728056e-05,4.1711522499099374e-05,8.716964721679688,0.8863636255264282,0.9848484992980957,1.0
2.0064717649471607e-05,3.545467249447635e-05,14.668180465698242,0.9015151262283325,0.9848484992980957,1.0
1.7548485299233686e-05,5.1836825150530785e-05,10.115718841552734,0.9015151262283325,0.9848484992980957,1.0
1.7298924252496693e-05,3.1251393011189066e-05,7.139715671539307,0.8939393758773804,0.9924242496490479,1.0
1.563401945697313e-05,3.204117274435703e-05,7.486850261688232,0.9090909361839294,0.9848484992980957,1.0
1.3728499818005895e-05,2.900179970311001e-05,6.998398780822754,0.9090909361839294,0.9924242496490479,1.0
1.556078132125549e-05,2.759143596146411e-05,7.0706095695495605,0.8939393758773804,0.9924242496490479,1.0
1.4777848181521138e-05,3.05407653892568e-05,7.50904655456543,0.9090909361839294,0.9848484992980957,1.0
1.3703001555272335e-05,2.9649868641475525e-05,18.97216033935547,0.9318181872367859,0.9848484992980957,0.9924242496490479
1.3570133391608993e-05,3.164970257785171e-05,7.145142078399658,0.9090909361839294,0.9924242496490479,1.0
1.2879443767649883e-05,3.593801739043556e-05,7.987885475158691,0.9015151262283325,0.9924242496490479,1.0
1.3331365070453929e-05,3.023782361803266e-05,6.65674352645874,0.9090909361839294,0.9924242496490479,1.0
1.5353409087930974e-05,3.5521676788145364e-05,18.895545959472656,0.9166666865348816,0.9848484992980957,1.0
2.309378743864892e-05,0.00012454426905605942,2199.65234375,0.8409090638160706,0.9621211886405945,0.9772727489471436
1.869267221495234e-05,4.496279143495485e-05,27.967145919799805,0.8863636255264282,0.9848484992980957,0.9924242496490479
1.7377629278185353e-05,3.0215753213269636e-05,6.593379974365234,0.9318181872367859,0.9924242496490479,1.0
1.6758275871159807e-05,3.1822129434052236e-05,47.61888885498047,0.9242424368858337,0.9848484992980957,0.9924242496490479
1.4543548125154551e-05,3.134318770510921e-05,36.00331497192383,0.9090909361839294,0.9848484992980957,0.9924242496490479
1.430059406133792e-05,2.905089847142032e-05,6.696977615356445,0.9242424368858337,0.9924242496490479,1.0
1.7869358089228626e-05,3.1066998417372815e-05,6.632166862487793,0.9318181872367859,0.9924242496490479,1.0
1.933636709013213e-05,2.9592141800094396e-05,6.703411102294922,0.9166666865348816,0.9924242496490479,1.0
1.6685879018041305e-05,3.281185005713875e-05,7.142954349517822,0.8863636255264282,0.9924242496490479,1.0
1.6146650605977893e-05,4.385618073380707e-05,57.90558624267578,0.8560606241226196,0.9848484992980957,0.9924242496490479
1.4045593574833633e-05,3.193478247946283e-05,7.732492446899414,0.8939393758773804,0.9848484992980957,1.0
1.313531240818768e-05,2.6535640548293788e-05,6.566392421722412,0.9242424368858337,0.9924242496490479,1.0
1.503479308501648e-05,7.0709431990205e-05,2687.010498046875,0.8333333134651184,0.9696969985961914,0.9848484992980957
1.4750097927224653e-05,2.96367731304296e-05,6.82285213470459,0.9166666865348816,0.9924242496490479,1.0
1.4714775550766552e-05,3.774298299200988e-05,14.142454147338867,0.9166666865348816,0.9848484992980957,1.0
1.2939220306923909e-05,2.7809976927528623e-05,6.793667793273926,0.9166666865348816,0.9924242496490479,1.0
1.3113934652541172e-05,3.1436972373436824e-05,6.971658706665039,0.8863636255264282,0.9924242496490479,1.0
1.1025802533285143e-05,2.450857452155712e-05,6.500422477722168,0.9469696879386902,0.9924242496490479,1.0
1.4462972599589689e-05,3.063783575877702e-05,22.2571964263916,0.9166666865348816,0.9848484992980957,0.9924242496490479
1.4477661187067332e-05,3.264164115535095e-05,19.30901336669922,0.8939393758773804,0.9848484992980957,0.9924242496490479
1.3911347030609084e-05,3.7438669096445665e-05,21.042205810546875,0.9166666865348816,0.9848484992980957,0.9924242496490479
1.3105891164080028e-05,2.848966263021187e-05,32.9482307434082,0.9015151262283325,0.9848484992980957,0.9924242496490479
1.0077080911618065e-05,2.4498820190880604e-05,6.6807355880737305,0.9166666865348816,0.9924242496490479,1.0
1.0745815498839049e-05,2.6397997620127473e-05,28.086502075195312,0.9318181872367859,0.9848484992980957,0.9924242496490479
1.0611205818184482e-05,2.618264200767347e-05,31.916791915893555,0.9469696879386902,0.9848484992980957,0.9924242496490479
1.1091752805276139e-05,2.755550000680766e-05,6.790562629699707,0.9318181872367859,0.9924242496490479,1.0
1.1029686654431067e-05,3.1074833411063686e-05,27.636005401611328,0.9090909361839294,0.9848484992980957,0.9924242496490479
1.0446524604710497e-05,2.8932724186840158e-05,33.0889778137207,0.9318181872367859,0.9848484992980957,0.9924242496490479
1.058072464068325e-05,2.9571831267579302e-05,37.97834777832031,0.9318181872367859,0.9848484992980957,0.9924242496490479
9.832183050920404e-06,2.7404791277755674e-05,33.04442596435547,0.9242424368858337,0.9848484992980957,0.9924242496490479
1.0482406444432193e-05,2.5672991190125078e-05,6.320946216583252,0.939393937587738,0.9924242496490479,1.0
1.0328930205684049e-05,2.819067594828084e-05,6.76088809967041,0.9090909361839294,0.9924242496490479,1.0
1.1339547695983624e-05,3.411040052014869e-05,2578.803466796875,0.9015151262283325,0.9848484992980957,0.9924242496490479
1.2793966892455831e-05,3.083962534825938e-05,6.869505405426025,0.9090909361839294,0.9848484992980957,1.0
1.1399121087213809e-05,2.737796482203218e-05,6.204936981201172,0.9318181872367859,0.9924242496490479,1.0
1.1414665674568493e-05,3.573094727471471e-05,2537.740478515625,0.9090909361839294,0.9848484992980957,0.9924242496490479
1.0702824139033593e-05,2.8149787491808336e-05,24.800376892089844,0.9318181872367859,0.9848484992980957,0.9924242496490479
1.3783319941880604e-05,3.594406310488315e-05,37.59260559082031,0.9015151262283325,0.9848484992980957,0.9924242496490479
1.2013701383363117e-05,2.6455415233310003e-05,6.382063388824463,0.9469696879386902,0.9924242496490479,1.0
1.2134986057142008e-05,2.597232105472358e-05,6.6134419441223145,0.939393937587738,0.9924242496490479,1.0
1.0351886389385486e-05,2.5463138323781703e-05,6.744314193725586,0.9318181872367859,0.9924242496490479,1.0
9.705947212007066e-06,2.758572160625287e-05,6.618936061859131,0.9090909361839294,0.9924242496490479,1.0
1.5011468018532138e-05,3.3419211225312516e-05,16.061527252197266,0.8939393758773804,0.9848484992980957,1.0
1.1292721575790148e-05,2.9879793752722133e-05,7.596989154815674,0.9015151262283325,0.9848484992980957,1.0
1.0886926743709905e-05,3.1928637326927856e-05,6.4650774002075195,0.939393937587738,0.9924242496490479,1.0
9.486503131483914e-06,2.331542691536015e-05,5.803966045379639,0.9469696879386902,0.9924242496490479,1.0
1.1380295869788494e-05,3.634564685247218e-05,11.387808799743652,0.9015151262283325,0.9848484992980957,1.0
9.476236135180278e-06,2.8358762089434702e-05,6.215485095977783,0.9318181872367859,0.9924242496490479,1.0
8.363723529989578e-06,2.687465954901806e-05,6.712297439575195,0.939393937587738,0.9924242496490479,1.0
9.846583121874243e-06,2.3679520078682497e-05,6.131518363952637,0.9545454382896423,0.9924242496490479,1.0
9.51497287877084e-06,2.4283410008744493e-05,6.412651538848877,0.9318181872367859,0.9924242496490479,1.0
8.098957716191018e-06,2.33006279207378e-05,6.168592929840088,0.9469696879386902,0.9924242496490479,1.0
7.829808551336596e-06,2.3757431032815173e-05,6.207399845123291,0.939393937587738,0.9924242496490479,1.0
7.963160318137273e-06,2.1840366571268532e-05,6.315472602844238,0.9166666865348816,0.9924242496490479,1.0
8.359877566280458e-06,2.292533433016312e-05,6.502899646759033,0.9166666865348816,0.9924242496490479,1.0
8.341830752297854e-06,2.462423526594648e-05,6.40630578994751,0.9318181872367859,0.9924242496490479,1.0
9.223144843417685e-06,3.28830240808505e-05,19.856748580932617,0.8939393758773804,0.9848484992980957,0.9924242496490479
1.0262463299361777e-05,2.6059245404515725e-05,6.122168064117432,0.939393937587738,0.9924242496490479,1.0
1.103987762524577e-05,2.8565197984183516e-05,6.655813217163086,0.9242424368858337,0.9924242496490479,1.0
1.0590034931241958e-05,3.162497584222971e-05,71.96652221679688,0.9166666865348816,0.9848484992980957,0.9924242496490479
9.51227461469402e-06,3.087766769264514e-05,37.394073486328125,0.9242424368858337,0.9848484992980957,0.9924242496490479
1.1167180632169634e-05,2.475109249644447e-05,6.48858642578125,0.939393937587738,0.9924242496490479,1.0
8.96929060962231e-06,2.4553756702516694e-05,6.125795841217041,0.9545454382896423,0.9924242496490479,1.0
8.209271982195787e-06,2.277838969651687e-05,6.474969387054443,0.9318181872367859,0.9924242496490479,1.0
9.083603675786765e-06,2.610716607402234e-05,6.025611877441406,0.939393937587738,0.9924242496490479,1.0
1.1018451004929375e-05,2.877103118710996e-05,9.066595077514648,0.9090909361839294,0.9848484992980957,1.0
1.06593568654551e-05,2.9991031624376774e-05,11.93161678314209,0.8863636255264282,0.9848484992980957,1.0
1.1681170896984192e-05,5.662591865984723e-05,2861.580078125,0.8712121248245239,0.9621211886405945,0.9848484992980957
1.0064269934611564e-05,2.6880646449474927e-05,6.465734004974365,0.9469696879386902,0.9848484992980957,1.0
1.275506978841308e-05,3.2765616197139025e-05,23.382415771484375,0.9166666865348816,0.9848484992980957,0.9924242496490479
9.957742928566983e-06,2.9563404799167376e-05,578.8218383789062,0.939393937587738,0.9848484992980957,0.9924242496490479
9.555502691165946e-06,2.3937976341888618e-05,5.945557594299316,0.9469696879386902,0.9924242496490479,1.0
9.585830701491266e-06,2.6439715535768e-05,6.223330974578857,0.9318181872367859,0.9924242496490479,1.0
9.918128687951883e-06,2.8272919735172763e-05,6.745163440704346,0.939393937587738,0.9848484992980957,1.0
9.088734920872163e-06,2.7663506140622e-05,6.506826400756836,0.939393937587738,0.9924242496490479,1.0
8.445762473870259e-06,2.4842745612356037e-05,6.330951690673828,0.939393937587738,0.9924242496490479,1.0
8.865896606121995e-06,2.4099351018473197e-05,5.940751075744629,0.9469696879386902,0.9924242496490479,1.0
8.326016417082759e-06,2.5008872701922275e-05,6.371795177459717,0.9469696879386902,0.9924242496490479,1.0
8.147414312340764e-06,2.5021321562235244e-05,6.599789142608643,0.9242424368858337,0.9924242496490479,1.0
7.507040084998483e-06,2.2410188951956418e-05,5.892592906951904,0.939393937587738,0.9924242496490479,1.0
1.099245681953934e-05,2.7326939743943512e-05,6.549065589904785,0.9242424368858337,0.9848484992980957,1.0
9.921054119000804e-06,2.6251658103622805e-05,6.909389019012451,0.9090909361839294,0.9924242496490479,1.0
9.81173521226579e-06,2.732212791064133e-05,6.147273540496826,0.9166666865348816,0.9924242496490479,1.0
9.543443080805115e-06,2.7134191138126578e-05,5.519354820251465,0.939393937587738,0.9924242496490479,1.0
7.795846778952347e-06,2.5349500598773982e-05,5.779274940490723,0.9469696879386902,0.9924242496490479,1.0
7.797721164851366e-06,2.4457526402936008e-05,6.019845962524414,0.9545454382896423,0.9924242496490479,1.0
7.940023930462882e-06,2.392418718955014e-05,6.17971134185791,0.9242424368858337,0.9924242496490479,1.0
7.527814638954376e-06,2.443803896312602e-05,6.046567916870117,0.9469696879386902,0.9924242496490479,1.0
7.815236379180781e-06,2.1796029917216703e-05,5.839034080505371,0.9621211886405945,0.9924242496490479,1.0
7.572035924981306e-06,2.2186398988803074e-05,5.792472839355469,0.9621211886405945,0.9924242496490479,1.0
7.452086554787291e-06,2.3819699284407154e-05,6.0709428787231445,0.9318181872367859,0.9924242496490479,1.0
8.024511192740068e-06,2.5341011981557433e-05,6.5072503089904785,0.9469696879386902,0.9924242496490479,1.0
8.027278165007539e-06,2.5105862429578945e-05,5.910989284515381,0.9469696879386902,0.9924242496490479,1.0
7.72720589090816e-06,2.518113675857118e-05,6.597873210906982,0.9242424368858337,0.9848484992980957,1.0
7.582906122975559e-06,2.3048924655692343e-05,6.384583950042725,0.9318181872367859,0.9924242496490479,1.0
7.423726070886584e-06,2.375347382136776e-05,6.7418365478515625,0.9318181872367859,0.9924242496490479,1.0
9.874155900681878e-06,2.0602206253291417e-05,5.949607849121094,0.939393937587738,0.9924242496490479,1.0
9.337289529040307e-06,4.7354228930392615e-05,117.0435562133789,0.8939393758773804,0.9772727489471436,0.9848484992980957
9.815163676566128e-06,2.7789134037448093e-05,6.469181537628174,0.9242424368858337,0.9924242496490479,1.0
8.17537110461589e-06,2.7153068610156577e-05,5.813998222351074,0.939393937587738,0.9924242496490479,1.0
7.781241658283927e-06,2.5074153806296334e-05,41.72484588623047,0.939393937587738,0.9848484992980957,0.9924242496490479
8.455559426775752e-06,2.422670331725385e-05,5.885492324829102,0.9469696879386902,0.9924242496490479,1.0
7.594061530240155e-06,2.1346107435723145e-05,5.808881759643555,0.9469696879386902,0.9924242496490479,1.0
6.767175033349883e-06,2.1588324671029113e-05,5.896941661834717,0.9469696879386902,0.9924242496490479,1.0
7.046410783831644e-06,2.3312474392393295e-05,5.876644611358643,0.9469696879386902,0.9924242496490479,1.0
6.741269192967923e-06,2.132241509874196e-05,5.996009349822998,0.9545454382896423,0.9924242496490479,1.0
7.837837611904517e-06,2.1403468660234164e-05,6.038943290710449,0.9545454382896423,0.9924242496490479,1.0
7.689681999843081e-06,2.0476641111599747e-05,5.554486274719238,0.9545454382896423,0.9924242496490479,1.0
7.859032476434633e-06,2.1453583940456156e-05,5.703681468963623,0.939393937587738,0.9924242496490479,1.0
6.374688713218678e-06,2.186771234846674e-05,5.832289695739746,0.9469696879386902,0.9924242496490479,1.0
7.349166935455287e-06,2.3059872849747382e-05,6.095152378082275,0.9545454382896423,0.9924242496490479,1.0
7.395702802816893e-06,2.164708500155636e-05,6.521910190582275,0.9469696879386902,0.9924242496490479,1.0
9.16624449845668e-06,2.765399161338185e-05,6.068124771118164,0.9318181872367859,0.9924242496490479,1.0
7.280469121310902e-06,2.332118401682237e-05,37.755123138427734,0.939393937587738,0.9848484992980957,0.9924242496490479
7.0366613726946525e-06,2.381167390315871e-05,6.012203216552734,0.9469696879386902,0.9924242496490479,1.0
6.429896777924362e-06,2.1994954598388478e-05,6.1389007568359375,0.939393937587738,0.9924242496490479,1.0
6.6848843661401505e-06,2.216101014103818e-05,6.177777290344238,0.9469696879386902,0.9924242496490479,1.0
6.050390559473519e-06,2.0685993452692248e-05,5.6674699783325195,0.9545454382896423,0.9924242496490479,1.0
6.705383673926752e-06,2.0039126866322476e-05,5.602115154266357,0.939393937587738,0.9924242496490479,1.0
6.6621105774670885e-06,2.103945371345617e-05,5.925417423248291,0.9545454382896423,0.9924242496490479,1.0
9.905123079079203e-06,2.9862414521630853e-05,572.9446411132812,0.9015151262283325,0.9848484992980957,0.9924242496490479
1.4984498606777793e-05,6.49575764934222e-05,11.056564331054688,0.9090909361839294,0.9848484992980957,1.0
1.0200494299087124e-05,5.482105370901991e-05,45.68382263183594,0.8787878751754761,0.9772727489471436,0.9924242496490479
8.944732888432389e-06,2.379675576473043e-05,6.66855001449585,0.9090909361839294,0.9924242496490479,1.0
7.426975406071341e-06,2.3204542533979595e-05,6.264503479003906,0.9166666865348816,0.9924242496490479,1.0
7.704586137565043e-06,2.3361897243982337e-05,6.638440132141113,0.9090909361839294,0.9924242496490479,1.0
7.895708098327635e-06,2.68045041593723e-05,6.516120910644531,0.9242424368858337,0.9924242496490479,1.0
6.646868686485422e-06,2.6194688871328253e-05,45.88971710205078,0.9090909361839294,0.9848484992980957,0.9924242496490479
7.038739774791545e-06,2.5265910153393634e-05,7.025108814239502,0.9090909361839294,0.9924242496490479,1.0
8.080267806772925e-06,2.3532989265125554e-05,6.106186389923096,0.9469696879386902,0.9924242496490479,1.0
6.603587652617452e-06,3.0393375103206683e-05,6.808533191680908,0.9318181872367859,0.9924242496490479,1.0
6.797167812196263e-06,2.1667848159268033e-05,6.021015644073486,0.9469696879386902,0.9924242496490479,1.0
6.153217865093294e-06,2.1730836427498918e-05,6.533873558044434,0.9318181872367859,0.9924242496490479,1.0
6.34796441028646e-06,2.1992547165912885e-05,5.896521091461182,0.939393937587738,0.9924242496490479,1.0
6.146902953994206e-06,2.2480122121730044e-05,5.935659408569336,0.9469696879386902,0.9924242496490479,1.0
6.0696969409367405e-06,2.1196180872114685e-05,6.207579612731934,0.939393937587738,0.9924242496490479,1.0
5.660598410692976e-06,2.2314710804494098e-05,5.876928806304932,0.9469696879386902,0.9924242496490479,1.0
6.148314820496704e-06,2.3541357222711667e-05,6.098898887634277,0.9545454382896423,0.9924242496490479,1.0
6.197394957945852e-06,2.4631766791571863e-05,6.581239223480225,0.939393937587738,0.9924242496490479,1.0
6.987463910428977e-06,4.116064701520372e-05,1103.910888671875,0.9242424368858337,0.9772727489471436,0.9848484992980957
6.5539544183676215e-06,2.173516713810386e-05,6.266483783721924,0.9242424368858337,0.9924242496490479,1.0
6.359635253002952e-06,2.084218461580652e-05,6.285776615142822,0.9469696879386902,0.9924242496490479,1.0
7.038771111018088e-06,2.2104066374595277e-05,6.038412094116211,0.939393937587738,0.9924242496490479,1.0
6.058170046427139e-06,2.4194360472999204e-05,6.339719295501709,0.939393937587738,0.9924242496490479,1.0
6.987671357902317e-06,2.344642416574061e-05,6.124029159545898,0.9469696879386902,0.9924242496490479,1.0
6.6633073898132844e-06,2.0510590123497725e-05,5.929555892944336,0.9469696879386902,0.9924242496490479,1.0
6.3595843212996526e-06,2.1047593084707234e-05,5.913125038146973,0.9469696879386902,0.9924242496490479,1.0
5.799365681014024e-06,2.0795639102288987e-05,5.8738861083984375,0.9545454382896423,0.9924242496490479,1.0
6.737262868806614e-06,2.0075852262380067e-05,5.740699291229248,0.9469696879386902,0.9924242496490479,1.0
5.672006492121992e-06,2.158012557629263e-05,6.125997543334961,0.9469696879386902,0.9924242496490479,1.0
6.136065704512558e-06,1.940419588208897e-05,5.658929347991943,0.9621211886405945,0.9924242496490479,1.0
5.42929464328071e-06,1.966521570769449e-05,5.53437614440918,0.9545454382896423,0.9924242496490479,1.0
7.205996429216942e-06,2.327311661550387e-05,6.394373893737793,0.939393937587738,0.9924242496490479,1.0
6.2466162324364465e-06,2.3209522926966503e-05,5.827685832977295,0.9545454382896423,0.9924242496490479,1.0
6.581620296360184e-06,2.3766643001484528e-05,5.859316349029541,0.9545454382896423,0.9924242496490479,1.0
5.863479848564814e-06,2.4826461109720793e-05,6.5076751708984375,0.9242424368858337,0.9924242496490479,1.0
6.468975202138112e-06,2.0118356284607824e-05,5.705852508544922,0.9545454382896423,0.9924242496490479,1.0
5.281840251634342e-06,2.2044954675948247e-05,5.675827980041504,0.9545454382896423,0.9924242496490479,1.0
6.032255524504845e-06,2.211919581895927e-05,6.31086540222168,0.9318181872367859,0.9924242496490479,1.0
5.854318591115192e-06,2.0467743524932303e-05,5.758609294891357,0.9469696879386902,0.9924242496490479,1.0
5.527759474882094e-06,2.054504420812009e-05,6.111752986907959,0.9545454382896423,0.9924242496490479,1.0
5.3868279378961726e-06,2.1843230873249315e-05,5.656801700592041,0.9469696879386902,0.9924242496490479,1.0
5.3291106599896345e-06,2.0469673472689465e-05,5.641289234161377,0.9621211886405945,0.9924242496490479,1.0
6.638061222474789e-06,3.596490811711798e-05,572.3710327148438,0.8863636255264282,0.9848484992980957,0.9924242496490479
7.38516948992831e-06,2.6530692897116143e-05,5.795570373535156,0.9469696879386902,0.9924242496490479,1.0
5.9752877529139035e-06,2.491979466867633e-05,5.498451232910156,0.9545454382896423,0.9924242496490479,1.0
6.004511595330603e-06,2.264526756334817e-05,5.9072065353393555,0.9545454382896423,0.9924242496490479,1.0
6.224082674386657e-06,2.1466277151678998e-05,6.061489582061768,0.939393937587738,0.9924242496490479,1.0
6.317256520560477e-06,2.2246023339297e-05,5.733893394470215,0.939393937587738,0.9924242496490479,1.0
5.991506234501933e-06,2.015895370277576e-05,5.649162769317627,0.9469696879386902,0.9924242496490479,1.0
5.6580563730015205e-06,2.0256361797995243e-05,5.684756755828857,0.9545454382896423,0.9924242496490479,1.0
6.048800597372147e-06,2.515757932997076e-05,5.688990592956543,0.9469696879386902,0.9924242496490479,1.0
6.438048454914348e-06,2.095674426527694e-05,6.0971574783325195,0.9545454382896423,0.9924242496490479,1.0
5.44904787602718e-06,2.0950892273200832e-05,6.070056915283203,0.939393937587738,0.9924242496490479,1.0
7.141107537542914e-06,2.087257871608017e-05,5.522987365722656,0.9545454382896423,0.9924242496490479,1.0
5.983856805290667e-06,2.347983051246653e-05,5.712658405303955,0.9545454382896423,0.9924242496490479,1.0
5.69182446435496e-06,2.4331560780410655e-05,5.76837682723999,0.9545454382896423,0.9924242496490479,1.0
6.3568336785961454e-06,2.1496491172001697e-05,5.957860469818115,0.9545454382896423,0.9924242496490479,1.0
5.96915073071035e-06,2.445922988651243e-05,5.851600646972656,0.9545454382896423,0.9924242496490479,1.0
4.7842947258852124e-06,2.3136047881659277e-05,5.568460464477539,0.9621211886405945,0.9924242496490479,1.0
5.434319146760655e-06,2.173979949778489e-05,5.7572832107543945,0.9469696879386902,0.9924242496490479,1.0
5.542471791903319e-06,2.1504302821995225e-05,5.57651424407959,0.9545454382896423,0.9924242496490479,1.0
6.178154762892518e-06,2.1148837731743697e-05,5.464361667633057,0.9621211886405945,0.9924242496490479,1.0
7.547489572475157e-06,2.39097529023032e-05,5.717929363250732,0.9469696879386902,0.9924242496490479,1.0
5.942464461192933e-06,2.1867925776556756e-05,5.693336486816406,0.9545454382896423,0.9924242496490479,1.0
5.1890525893130954e-06,1.9755611901928205e-05,5.712442874908447,0.9469696879386902,0.9924242496490479,1.0
1.092903068473044e-05,8.677856991804826e-05,2239.102294921875,0.8484848737716675,0.9848484992980957,0.9924242496490479
8.006435233586341e-06,2.691360289948837e-05,6.570755958557129,0.9166666865348816,0.9924242496490479,1.0
7.006294419459829e-06,2.0853499639391277e-05,5.938632488250732,0.9469696879386902,0.9924242496490479,1.0
7.290014268206009e-06,2.1104438322557446e-05,6.057858467102051,0.9545454382896423,0.9924242496490479,1.0
6.049570319274525e-06,2.0583384260438226e-05,5.433536052703857,0.9696969985961914,0.9924242496490479,1.0
5.748351709784898e-06,2.0677018255810253e-05,5.749152660369873,0.9545454382896423,0.9924242496490479,1.0
5.140879507466294e-06,1.9053697542403825e-05,5.454459190368652,0.9545454382896423,0.9924242496490479,1.0
5.784959078234599e-06,1.9576220741631307e-05,5.812434673309326,0.9621211886405945,0.9924242496490479,1.0
5.702328466709745e-06,1.997820042258051e-05,5.956192970275879,0.9469696879386902,0.9924242496490479,1.0
5.624225650535664e-06,1.8999079353913356e-05,5.656707286834717,0.9621211886405945,0.9924242496490479,1.0
4.780851213581627e-06,1.8352095442727052e-05,5.731952667236328,0.9621211886405945,0.9924242496490479,1.0
5.0472681323299184e-06,1.920025715662632e-05,5.734246730804443,0.9545454382896423,0.9924242496490479,1.0
5.1647675925117005e-06,2.0486875049148996e-05,5.725587368011475,0.9469696879386902,0.9924242496490479,1.0
4.930755494569894e-06,2.0586797897218883e-05,5.790146350860596,0.9469696879386902,0.9924242496490479,1.0
5.385281486848147e-06,1.9536546763750568e-05,5.730126857757568,0.9545454382896423,0.9924242496490479,1.0
5.010638253886348e-06,1.9129957763652783e-05,5.693420886993408,0.9545454382896423,0.9924242496490479,1.0
4.679890315111896e-06,1.9671517293318175e-05,5.667654037475586,0.9621211886405945,0.9924242496490479,1.0
5.026577768644942e-06,2.0260446035536006e-05,5.648587703704834,0.9545454382896423,0.9924242496490479,1.0
5.443599465334873e-06,1.9922451732175734e-05,5.415683269500732,0.9545454382896423,0.9924242496490479,1.0
4.669550497221115e-06,2.0691298838452592e-05,5.384183406829834,0.9696969985961914,0.9924242496490479,1.0
5.339938277095578e-06,2.0432542745159783e-05,5.448462009429932,0.9545454382896423,0.9924242496490479,1.0
5.0077101563643245e-06,2.076104950295606e-05,5.900475025177002,0.9469696879386902,0.9924242496490479,1.0
5.346477006572638e-06,2.167830643884372e-05,5.770045757293701,0.9621211886405945,0.9924242496490479,1.0
5.175680268042594e-06,1.8882866243075114e-05,5.432370662689209,0.9545454382896423,0.9924242496490479,1.0
5.083519392263208e-06,1.866005216773677e-05,5.908654689788818,0.9469696879386902,0.9924242496490479,1.0
4.664612106353161e-06,1.8924532620682537e-05,5.797813892364502,0.9469696879386902,0.9924242496490479,1.0
5.6284722053202465e-06,2.0940547983627766e-05,5.572135925292969,0.9545454382896423,0.9924242496490479,1.0
5.928325125833825e-06,2.1791412715780705e-05,6.317040920257568,0.939393937587738,0.9924242496490479,1.0
5.370023266302517e-06,2.134466952459964e-05,5.605773448944092,0.9545454382896423,0.9924242496490479,1.0
5.3631524265669706e-06,2.144413125885573e-05,5.599583148956299,0.939393937587738,0.9924242496490479,1.0
5.206256777124839e-06,2.0704038130740326e-05,5.657763481140137,0.9545454382896423,0.9924242496490479,1.0
6.757747769370326e-06,1.9948097057446528e-05,5.562334060668945,0.9469696879386902,0.9924242496490479,1.0
5.324928596647541e-06,2.0935101323023748e-05,6.016933917999268,0.9469696879386902,0.9924242496490479,1.0
5.21966206757828e-06,2.0443933256804787e-05,5.93908166885376,0.9621211886405945,0.9924242496490479,1.0
4.591703311069233e-06,1.917508901290906e-05,5.5550856590271,0.9621211886405945,0.9924242496490479,1.0
4.6346965932157635e-06,1.987615087273298e-05,5.537343978881836,0.9621211886405945,0.9924242496490479,1.0
4.804024911209126e-06,1.950776853239707e-05,5.557290077209473,0.9545454382896423,0.9924242496490479,1.0
4.5371350965565815e-06,1.965795096718163e-05,5.483935356140137,0.9621211886405945,0.9924242496490479,1.0
4.477130749530096e-06,1.881918281772717e-05,5.339240550994873,0.9621211886405945,0.9924242496490479,1.0
4.831626421781204e-06,2.0042485933421023e-05,5.594751834869385,0.9545454382896423,0.9924242496490479,1.0
4.844962549296642e-06,2.018116083490895e-05,5.305781841278076,0.9545454382896423,0.9924242496490479,1.0
5.12539046129942e-06,2.029935846318646e-05,5.563138484954834,0.9621211886405945,0.9924242496490479,1.0
4.587328496861367e-06,2.0631384662313696e-05,5.454992771148682,0.9545454382896423,0.9924242496490479,1.0
4.507545864643444e-06,2.020057218032889e-05,5.577971935272217,0.9545454382896423,0.9924242496490479,1.0
4.407777706464086e-06,1.9368099250035204e-05,5.52855110168457,0.9545454382896423,0.9924242496490479,1.0
5.077886023421095e-06,1.955648258444853e-05,5.566445350646973,0.9545454382896423,0.9924242496490479,1.0
5.272609273147695e-06,2.2050171840722516e-05,5.529951572418213,0.9545454382896423,0.9924242496490479,1.0
4.600105574519892e-06,2.094441788358381e-05,5.512468338012695,0.9545454382896423,0.9924242496490479,1.0
4.394243887873017e-06,2.0737228017727222e-05,5.459054946899414,0.9621211886405945,0.9924242496490479,1.0
4.364219917492433e-06,1.9432104939672474e-05,5.220909595489502,0.9621211886405945,0.9924242496490479,1.0
4.388535609740012e-06,1.996949564878984e-05,5.732210636138916,0.9469696879386902,0.9924242496490479,1.0
4.612554200569073e-06,1.902869159190838e-05,5.378959655761719,0.9545454382896423,0.9924242496490479,1.0
5.024145635120063e-06,2.5408275784381356e-05,5.889556407928467,0.9469696879386902,0.9924242496490479,1.0
4.44635224994272e-06,2.2922468815522734e-05,6.52217960357666,0.9318181872367859,0.9848484992980957,1.0
4.703034950249606e-06,2.0529437582202565e-05,5.519217014312744,0.9545454382896423,0.9924242496490479,1.0
4.663334907077528e-06,1.8730699897181086e-05,5.58798885345459,0.9545454382896423,0.9924242496490479,1.0
4.585822332294563e-06,1.9229643839935306e-05,5.699252605438232,0.9469696879386902,0.9924242496490479,1.0
4.487475735004409e-06,1.8500150872569066e-05,5.5199384689331055,0.9469696879386902,0.9924242496490479,1.0
4.815389708958471e-06,1.8947754748902906e-05,5.684802055358887,0.9545454382896423,0.9924242496490479,1.0
5.0025872827642495e-06,1.9020804453854605e-05,5.735455513000488,0.9621211886405945,0.9924242496490479,1.0
4.175775529802195e-06,1.9235955126835808e-05,5.692493438720703,0.939393937587738,0.9924242496490479,1.0
4.2435120700578075e-06,1.9720930443630397e-05,5.522947788238525,0.9621211886405945,0.9924242496490479,1.0
4.344781369912777e-06,1.947098765716267e-05,5.6329450607299805,0.939393937587738,0.9924242496490479,1.0
4.865031831451978e-06,1.945312972869336e-05,5.920859336853027,0.9469696879386902,0.9924242496490479,1.0
4.531494286394181e-06,1.9810465346381534e-05,5.636637210845947,0.9469696879386902,0.9924242496490479,1.0
4.718191906828327e-06,1.9038851254056983e-05,5.669075012207031,0.9545454382896423,0.9924242496490479,1.0
4.318563510837108e-06,1.878014336398337e-05,5.717144012451172,0.9469696879386902,0.9924242496490479,1.0
4.311657262819195e-06,1.8434958898675784e-05,5.533636569976807,0.9469696879386902,0.9924242496490479,1.0
5.270010660751723e-06,2.37767844737391e-05,6.498758316040039,0.9469696879386902,0.9848484992980957,1.0
4.463313457976752e-06,2.3198938833957072e-05,5.572195053100586,0.9469696879386902,0.9924242496490479,1.0
4.378354540015359e-06,2.3316095393965952e-05,6.018313407897949,0.9469696879386902,0.9924242496490479,1.0
4.41932917800097e-06,2.0544734676756587e-05,5.502677917480469,0.9545454382896423,0.9924242496490479,1.0
4.546028280442855e-06,1.849593627412105e-05,5.582442760467529,0.9545454382896423,0.9924242496490479,1.0
4.443287542182423e-06,1.9017005191320397e-05,5.797860145568848,0.9469696879386902,0.9924242496490479,1.0
3.9199803516319e-06,1.9321674092983205e-05,5.540135860443115,0.9545454382896423,0.9924242496490479,1.0
4.441610123897342e-06,1.9393050024518743e-05,5.558148384094238,0.9545454382896423,0.9924242496490479,1.0
4.150665104547939e-06,1.9278015618814e-05,5.476170063018799,0.9469696879386902,0.9924242496490479,1.0
3.945329271201362e-06,1.8874182084497686e-05,5.545375347137451,0.9469696879386902,0.9924242496490479,1.0
4.190323166271397e-06,1.8799747522280086e-05,5.66455602645874,0.9469696879386902,0.9924242496490479,1.0
4.052107814541986e-06,1.85332046385156e-05,5.7390241622924805,0.9469696879386902,0.9924242496490479,1.0
4.025085734776274e-06,1.8366685859897796e-05,5.500510215759277,0.9469696879386902,0.9924242496490479,1.0
3.95397730492484e-06,1.902912208606722e-05,5.527768611907959,0.9621211886405945,0.9924242496490479,1.0
4.337257512981358e-06,1.8880775314755738e-05,5.413058757781982,0.9545454382896423,0.9924242496490479,1.0
4.001819764777213e-06,1.921224641894999e-05,5.38379430770874,0.9545454382896423,0.9924242496490479,1.0
4.144238139567526e-06,1.9464028203704704e-05,5.529961109161377,0.9545454382896423,0.9924242496490479,1.0
5.285157426855718e-06,1.9212487131881062e-05,6.13973331451416,0.9469696879386902,0.9848484992980957,1.0
4.229140234780392e-06,1.89837646757951e-05,5.97161340713501,0.9545454382896423,0.9924242496490479,1.0
3.6713750391341322e-06,2.0618518950262416e-05,5.7463059425354,0.9545454382896423,0.9924242496490479,1.0
4.481797490866897e-06,1.8654463322794374e-05,5.275846004486084,0.9621211886405945,0.9924242496490479,1.0
4.267437423715654e-06,1.9963300777211163e-05,5.961549282073975,0.9469696879386902,0.9924242496490479,1.0
4.035284374284939e-06,1.9447120090868946e-05,5.391567707061768,0.9545454382896423,0.9924242496490479,1.0
4.4202747837764696e-06,1.9334473108756356e-05,5.790851593017578,0.9469696879386902,0.9924242496490479,1.0
4.853788616607992e-06,1.932387203851249e-05,5.580025672912598,0.9545454382896423,0.9924242496490479,1.0
4.151898710088889e-06,1.8921023486958195e-05,5.674304962158203,0.9621211886405945,0.9924242496490479,1.0
4.092051684975476e-06,1.8703679719086114e-05,5.406860828399658,0.9469696879386902,0.9924242496490479,1.0
3.800164573807375e-06,1.883224316164463e-05,5.457062244415283,0.9545454382896423,0.9924242496490479,1.0
4.26341381915501e-06,2.0047497855557594e-05,5.4185285568237305,0.9545454382896423,0.9924242496490479,1.0
4.035528966348713e-06,2.251052471062091e-05,38.25720977783203,0.9469696879386902,0.9848484992980957,0.9924242496490479
7.989390228017742e-06,2.5903004219192855e-05,570.78466796875,0.9318181872367859,0.9848484992980957,0.9924242496490479
4.877680194939868e-06,2.3332447199209128e-05,5.502292156219482,0.9469696879386902,0.9924242496490479,1.0
4.088417240795521e-06,1.935705646853118e-05,5.541642189025879,0.9621211886405945,0.9924242496490479,1.0
4.295554741805642e-06,1.848710326157743e-05,5.545161247253418,0.9545454382896423,0.9924242496490479,1.0
4.115509392993937e-06,1.7985698529325116e-05,5.360097885131836,0.9621211886405945,0.9924242496490479,1.0
3.819035576022791e-06,1.8394175337258883e-05,5.5164594650268555,0.9545454382896423,0.9924242496490479,1.0
4.247975435977093e-06,2.1634193217323627e-05,5.412746429443359,0.9469696879386902,0.9924242496490479,1.0
4.453373673062412e-06,1.9137730305374134e-05,5.267125606536865,0.9621211886405945,0.9924242496490479,1.0
3.8049237528784117e-06,1.8915585314971395e-05,5.617485523223877,0.9469696879386902,0.9924242496490479,1.0
3.9463822386923395e-06,1.8134413645990815e-05,5.463946342468262,0.9469696879386902,0.9924242496490479,1.0
3.8069878924447535e-06,1.8219877953621715e-05,5.2819671630859375,0.9545454382896423,0.9924242496490479,1.0
3.7257227011816045e-06,1.873886776593281e-05,5.478633403778076,0.9545454382896423,0.9924242496490479,1.0
4.835631237008122e-06,1.8628227735462133e-05,5.3654937744140625,0.9621211886405945,0.9924242496490479,1.0
3.815693534389456e-06,1.8315124179935083e-05,5.316020965576172,0.9621211886405945,0.9924242496490479,1.0
3.93860990367433e-06,1.8336089548635453e-05,5.459744930267334,0.9621211886405945,0.9924242496490479,1.0
3.918354547171145e-06,1.7501727597846184e-05,5.3502397537231445,0.9545454382896423,0.9924242496490479,1.0
4.023458007974444e-06,1.848726121049064e-05,5.418187618255615,0.9621211886405945,0.9924242496490479,1.0
3.7257206341481917e-06,1.889165772202735e-05,5.288753986358643,0.9621211886405945,0.9924242496490479,1.0
3.5576538886578586e-06,1.8650352709907263e-05,5.452976703643799,0.9621211886405945,0.9924242496490479,1.0
3.7937310976717113e-06,1.868082714887957e-05,5.343997478485107,0.9621211886405945,0.9924242496490479,1.0
3.853227781291935e-06,1.827096972798851e-05,5.287351131439209,0.9621211886405945,0.9924242496490479,1.0
3.362130056220022e-06,1.8610454693164986e-05,5.352945327758789,0.9545454382896423,0.9924242496490479,1.0
3.88311931684174e-06,1.890863677544985e-05,5.327125549316406,0.9621211886405945,0.9924242496490479,1.0
4.61781167938501e-06,1.840559798438335e-05,5.382558822631836,0.9621211886405945,0.9924242496490479,1.0
3.5822905705241612e-06,1.7958269684944145e-05,5.427067279815674,0.9545454382896423,0.9924242496490479,1.0
3.5887874219042715e-06,1.7842886336438823e-05,5.481986999511719,0.9545454382896423,0.9924242496490479,1.0
3.944008064784364e-06,1.8412803001410794e-05,5.361001968383789,0.9621211886405945,0.9924242496490479,1.0
3.5195453371918783e-06,1.8537322527360327e-05,5.579982280731201,0.9469696879386902,0.9924242496490479,1.0
3.8099752724850657e-06,1.8664832471889287e-05,5.328977108001709,0.9621211886405945,0.9924242496490479,1.0
3.5386205002975077e-06,1.9211697993644823e-05,5.532189846038818,0.9545454382896423,0.9924242496490479,1.0
3.6611156908541242e-06,1.8633621948538348e-05,5.355593204498291,0.9621211886405945,0.9924242496490479,1.0
4.006428381134438e-06,1.860706440008168e-05,5.4272050857543945,0.9469696879386902,0.9924242496490479,1.0
3.669897999068119e-06,1.8323687375717174e-05,5.356301307678223,0.9621211886405945,0.9924242496490479,1.0
2.978068468192677e-06,1.7909951566252857e-05,5.407111644744873,0.9621211886405945,0.9924242496490479,1.0
3.7723119806866055e-06,1.8648632552261308e-05,5.451616287231445,0.9621211886405945,0.9924242496490479,1.0
3.2202513011725387e-06,1.8715115402301308e-05,5.272862911224365,0.9621211886405945,0.9924242496490479,1.0
3.7934426638292447e-06,1.8787768264398135e-05,5.298300743103027,0.9545454382896423,0.9924242496490479,1.0
3.859717914813452e-06,1.864736107866823e-05,5.289551258087158,0.9621211886405945,0.9924242496490479,1.0
3.712479982906106e-06,1.853580124588916e-05,5.456337928771973,0.9621211886405945,0.9924242496490479,1.0
3.6604397295873654e-06,1.973405445217698e-05,5.854488849639893,0.9545454382896423,0.9924242496490479,1.0
3.3169224231890193e-06,1.870296364359092e-05,5.546768665313721,0.9545454382896423,0.9924242496490479,1.0
3.4845644346536244e-06,1.797791325467794e-05,5.4612531661987305,0.9545454382896423,0.9924242496490479,1.0
3.350362207625453e-06,1.811263064155355e-05,5.327568054199219,0.9621211886405945,0.9924242496490479,1.0
3.1890356240182882e-06,1.8028892858031515e-05,5.5406293869018555,0.9545454382896423,0.9924242496490479,1.0
3.5990238674540622e-06,1.803541878568164e-05,5.324174880981445,0.9621211886405945,0.9924242496490479,1.0
3.48895295329302e-06,1.7978280387372553e-05,5.417283058166504,0.9545454382896423,0.9924242496490479,1.0
3.2628465967057063e-06,1.838149789061087e-05,5.321749210357666,0.9621211886405945,0.9924242496490479,1.0
4.0678855012546675e-06,1.907989280880429e-05,5.645301818847656,0.9545454382896423,0.9924242496490479,1.0
3.4002399925983893e-06,1.9695792010073394e-05,5.304356098175049,0.9621211886405945,0.9924242496490479,1.0
3.821569407591596e-06,1.9094591759009443e-05,5.288414478302002,0.9545454382896423,0.9924242496490479,1.0
3.7972638231374067e-06,1.9317618959272902e-05,5.404532432556152,0.9621211886405945,0.9924242496490479,1.0
3.4466377407873305e-06,1.9364353647688404e-05,5.292621612548828,0.9545454382896423,0.9924242496490479,1.0
3.385112201861127e-06,1.973936711389494e-05,5.442889213562012,0.9545454382896423,0.9924242496490479,1.0
3.391653804514631e-06,1.897977411620862e-05,5.303410053253174,0.9545454382896423,0.9924242496490479,1.0
3.4540291215473022e-06,1.8736125336242065e-05,5.259824275970459,0.9621211886405945,0.9924242496490479,1.0
3.887790316267373e-06,1.8809468201652635e-05,5.3521318435668945,0.9621211886405945,0.9924242496490479,1.0
3.537116609467458e-06,1.8755239276894525e-05,5.295618534088135,0.9621211886405945,0.9924242496490479,1.0
3.3577604922770248e-06,1.904728287627222e-05,5.352958679199219,0.9621211886405945,0.9924242496490479,1.0
3.877649595034944e-06,1.9297500936469685e-05,5.402373790740967,0.9621211886405945,0.9924242496490479,1.0
3.491952714863477e-06,1.91107292266679e-05,5.444159984588623,0.9545454382896423,0.9924242496490479,1.0
3.7074547352941325e-06,1.9440211265949376e-05,5.349221229553223,0.9545454382896423,0.9924242496490479,1.0
3.6425654508837564e-06,1.8933104911411647e-05,5.272678852081299,0.9621211886405945,0.9924242496490479,1.0
4.157510788486847e-06,1.869837797130458e-05,5.409228324890137,0.9545454382896423,0.9924242496490479,1.0
3.279491155891182e-06,1.8795745442427385e-05,5.297471046447754,0.9621211886405945,0.9924242496490479,1.0
3.34272840518679e-06,1.8731724291380186e-05,5.358280658721924,0.9621211886405945,0.9924242496490479,1.0
3.6915604678969514e-06,1.8855427394252427e-05,5.259014129638672,0.9621211886405945,0.9924242496490479,1.0
3.745185391711526e-06,1.893198805191787e-05,5.260817527770996,0.9621211886405945,0.9924242496490479,1.0
4.185486866183717e-06,1.9287359767380014e-05,5.508121013641357,0.9545454382896423,0.9924242496490479,1.0
3.6743831308492436e-06,1.8968392396345735e-05,5.4871978759765625,0.9545454382896423,0.9924242496490479,1.0
3.626459767309081e-06,1.8757888028630987e-05,5.334506511688232,0.9621211886405945,0.9924242496490479,1.0
5.196408272406023e-06,1.9645308081332285e-05,5.806053638458252,0.9469696879386902,0.9924242496490479,1.0
3.833364520356884e-06,1.8962524336529896e-05,5.4052414894104,0.9621211886405945,0.9924242496490479,1.0
3.4583242722874274e-06,1.884030643850565e-05,5.36318826675415,0.9621211886405945,0.9924242496490479,1.0
3.391468536309813e-06,1.871740975426898e-05,5.376701831817627,0.9545454382896423,0.9924242496490479,1.0
3.5566796337992526e-06,1.8631608630433522e-05,5.300347805023193,0.9621211886405945,0.9924242496490479,1.0
3.453013381328095e-06,1.8410818787136424e-05,5.515223026275635,0.9621211886405945,0.9924242496490479,1.0
3.4547603552875277e-06,1.847647339066801e-05,5.2716264724731445,0.9621211886405945,0.9924242496490479,1.0
3.842023385335448e-06,1.8591919191142853e-05,5.37252950668335,0.9621211886405945,0.9924242496490479,1.0
3.4943166156153893e-06,1.8494365576771088e-05,5.284584045410156,0.9621211886405945,0.9924242496490479,1.0
2.9982492668006504e-06,1.8235889304681525e-05,5.328223705291748,0.9621211886405945,0.9924242496490479,1.0
3.4099910573621113e-06,1.8640787554128718e-05,5.305882930755615,0.9621211886405945,0.9924242496490479,1.0
3.1290406819938323e-06,1.8778589947032742e-05,5.280832290649414,0.9621211886405945,0.9924242496490479,1.0
5.267330338524929e-06,1.8194968106399756e-05,5.454721450805664,0.9621211886405945,0.9924242496490479,1.0
3.466074262674242e-06,1.7559326806804165e-05,5.513968467712402,0.9621211886405945,0.9924242496490479,1.0
3.338488733623473e-06,1.7649303723980363e-05,5.64861536026001,0.9545454382896423,0.9924242496490479,1.0
3.4617125534582143e-06,1.7826623358511522e-05,5.524742603302002,0.9545454382896423,0.9924242496490479,1.0
3.3165689811457097e-06,1.779690016216288e-05,5.406027793884277,0.9621211886405945,0.9924242496490479,1.0
3.311451977920528e-06,1.7437174392398447e-05,5.403790473937988,0.9621211886405945,0.9924242496490479,1.0
3.8354771525270985e-06,1.787956868308053e-05,5.471447944641113,0.9545454382896423,0.9924242496490479,1.0
3.5066981457599797e-06,1.8634076999054134e-05,5.383657455444336,0.9621211886405945,0.9924242496490479,1.0
3.489815671028654e-06,1.856272895868945e-05,5.28657341003418,0.9621211886405945,0.9924242496490479,1.0
3.6539846322822003e-06,1.8531110981712118e-05,5.231144428253174,0.9621211886405945,0.9924242496490479,1.0
3.6950786621177527e-06,1.847789947836039e-05,5.375527381896973,0.9621211886405945,0.9924242496490479,1.0
3.574715802559777e-06,1.837855537208573e-05,5.396876811981201,0.9621211886405945,0.9924242496490479,1.0
3.739970617805904e-06,1.833558144426206e-05,5.337737560272217,0.9621211886405945,0.9924242496490479,1.0
3.178114597672406e-06,1.811733909562463e-05,5.335872173309326,0.9621211886405945,0.9924242496490479,1.0
4.398850003119812e-06,1.8266929146193434e-05,5.526906967163086,0.9545454382896423,0.9924242496490479,1.0
3.490855512857458e-06,1.8429641386319418e-05,5.576159477233887,0.9621211886405945,0.9924242496490479,1.0
3.0057023898486723e-06,1.842550803606476e-05,5.402736186981201,0.9621211886405945,0.9924242496490479,1.0
3.735350591424239e-06,1.8239870769320987e-05,5.484707355499268,0.9621211886405945,0.9924242496490479,1.0
3.245170401814076e-06,1.832947176202045e-05,5.508177280426025,0.9621211886405945,0.9924242496490479,1.0
3.3965382044698345e-06,1.8019381665605277e-05,5.391988754272461,0.9621211886405945,0.9924242496490479,1.0
4.092167707560955e-06,1.8405063504663605e-05,5.43334436416626,0.9621211886405945,0.9924242496490479,1.0
2.848864245276094e-06,1.839015203586314e-05,5.25883674621582,0.9621211886405945,0.9924242496490479,1.0
2.933697714979644e-06,1.838864924745091e-05,5.288270473480225,0.9621211886405945,0.9924242496490479,1.0
3.7556026613442968e-06,1.8339168794530753e-05,5.363709926605225,0.9621211886405945,0.9924242496490479,1.0
3.2469802962706043e-06,1.829017007063764e-05,5.394726753234863,0.9621211886405945,0.9924242496490479,1.0
3.254929507337775e-06,1.842553956521442e-05,5.291348934173584,0.9621211886405945,0.9924242496490479,1.0
3.241977744685507e-06,1.8270931226046134e-05,5.3152265548706055,0.9621211886405945,0.9924242496490479,1.0
3.488369388419828e-06,1.8322676927103505e-05,5.274762153625488,0.9621211886405945,0.9924242496490479,1.0
3.909834752200616e-06,1.8233370610687416e-05,5.329099178314209,0.9545454382896423,0.9924242496490479,1.0
3.190097273049601e-06,1.870719097496476e-05,5.390382289886475,0.9621211886405945,0.9924242496490479,1.0
3.379791285789741e-06,1.838543388051524e-05,5.311842918395996,0.9621211886405945,0.9924242496490479,1.0
3.6723800514499256e-06,1.8632369574334007e-05,5.314302921295166,0.9621211886405945,0.9924242496490479,1.0
3.2473696220139656e-06,1.846957942082857e-05,5.26528787612915,0.9621211886405945,0.9924242496490479,1.0
2.8574886734779947e-06,1.8500683533299405e-05,5.285919666290283,0.9545454382896423,0.9924242496490479,1.0
3.2232535225127568e-06,1.8695423932513222e-05,5.189540386199951,0.9621211886405945,0.9924242496490479,1.0
3.1657384418146895e-06,1.828633412515046e-05,5.363683223724365,0.9545454382896423,0.9924242496490479,1.0
3.122705162571616e-06,1.8516360190308962e-05,5.247206687927246,0.9621211886405945,0.9924242496490479,1.0
3.1574684271618025e-06,1.8565126689888228e-05,5.360190391540527,0.9621211886405945,0.9924242496490479,1.0
3.3903583326636264e-06,1.8625740873782586e-05,5.253973484039307,0.9621211886405945,0.9924242496490479,1.0
3.0909489871853357e-06,1.8729010359190095e-05,5.3445634841918945,0.9621211886405945,0.9924242496490479,1.0
3.5330994747213977e-06,1.8607590997514006e-05,5.294740200042725,0.9621211886405945,0.9924242496490479,1.0
3.7212605134713654e-06,1.8539249140303582e-05,5.299012660980225,0.9621211886405945,0.9924242496490479,1.0
3.4048088392327456e-06,1.8485458288826823e-05,5.353796482086182,0.9621211886405945,0.9924242496490479,1.0
3.77812162613819e-06,1.8348937677122496e-05,5.265096664428711,0.9621211886405945,0.9924242496490479,1.0
3.242696452203249e-06,1.8728094194860507e-05,5.276069641113281,0.9621211886405945,0.9924242496490479,1.0
3.314086546362722e-06,1.864736198816293e-05,5.416104793548584,0.9621211886405945,0.9924242496490479,1.0
4.529185802808073e-06,1.8038839698419906e-05,5.5782012939453125,0.9545454382896423,0.9924242496490479,1.0
3.21618904308707e-06,1.7791429551531717e-05,5.401638507843018,0.9545454382896423,0.9924242496490479,1.0
3.388400624647726e-06,1.8040694764446624e-05,5.319068908691406,0.9621211886405945,0.9924242496490479,1.0
4.097139356996525e-06,1.8025030234033086e-05,5.260443210601807,0.9621211886405945,0.9924242496490479,1.0
3.2272921337359795e-06,1.795397868894118e-05,5.349953651428223,0.9621211886405945,0.9924242496490479,1.0
3.2761725750870854e-06,1.7982914262878087e-05,5.241772651672363,0.9621211886405945,0.9924242496490479,1.0
3.2046755429539853e-06,1.8006126689821638e-05,5.298068523406982,0.9621211886405945,0.9924242496490479,1.0
3.258093598064575e-06,1.7994494555750862e-05,5.351465702056885,0.9621211886405945,0.9924242496490479,1.0
3.6608347190022785e-06,1.8228821318189148e-05,5.289782524108887,0.9621211886405945,0.9924242496490479,1.0
3.3611191321886675e-06,1.8145304541879643e-05,5.295441150665283,0.9621211886405945,0.9924242496490479,1.0
