case_id,side,hemisphere,landmark,alpha_deg,alpha_signed_deg,Jx,Jy,J_norm,J_share
49_0,left,0,femur_head,9.662141085342668,-9.662141085342668,-0.01780720741544821,-0.000632011655088152,0.017818419533419932,0.2184718533039913
49_0,left,0,knee_inner,9.662141085342668,-9.662141085342668,0.014714634269705339,0.0005222503530084948,0.014723899182023907,0.18052990256091947
49_0,left,0,ost_point,9.662141085342668,-9.662141085342668,-0.0007363986405171732,-0.003522178952383114,0.003598336772783525,0.044119249863179916
49_0,left,0,knee_outer,9.662141085342668,-9.662141085342668,0.024524390449508902,0.0008704172550141581,0.02453983197003985,0.30088317093486583
49_0,left,0,ankle_inner,9.662141085342668,-9.662141085342668,-0.01034770933162443,0.0013807614997243067,0.010439424827590273,0.12799791166852173
49_0,left,0,ankle_outer,9.662141085342668,-9.662141085342668,-0.01034770933162443,0.0013807614997243067,0.010439424827590273,0.12799791166852173
49_0,right,1,femur_head,6.935917825664529,6.935917825664529,-0.01773052378200169,0.0005121543443607126,0.017737919146748164,0.22251218545318538
49_0,right,1,knee_inner,6.935917825664529,6.935917825664529,0.014529793031369542,-0.0004196997626901357,0.014535853377949196,0.1823440774419978
49_0,right,1,ost_point,6.935917825664529,6.935917825664529,-0.00042555072735923904,0.002503334004845772,0.002539246849239583,0.03185341872149625
49_0,right,1,knee_outer,6.935917825664529,6.935917825664529,0.024216321718949236,-0.0006994996044835596,0.024226422296581993,0.303906795736663
49_0,right,1,ankle_inner,6.935917825664529,6.935917825664529,-0.010295020120478924,-0.0009481444910163947,0.010338588745902925,0.12969176132332882
49_0,right,1,ankle_outer,6.935917825664529,6.935917825664529,-0.010295020120478924,-0.0009481444910163947,0.010338588745902925,0.12969176132332882
6_0,left,2,femur_head,4.425304429801812,-4.425304429801812,-0.02041755608489347,0.0006599312934188344,0.020428218370474795,0.21850478732255765
6_0,left,2,knee_inner,4.425304429801812,-4.425304429801812,0.017183440308497416,-0.000555398988058232,0.017192413701154062,0.18389389770581263
6_0,left,2,ost_point,4.425304429801812,-4.425304429801812,-0.0003032303149237761,-0.0019396429464428027,0.001963202328741001,0.02099885068453633
6_0,left,2,knee_outer,4.425304429801812,-4.425304429801812,0.028639067180829023,-0.0009256649800970534,0.028654022835256764,0.3064898295096877
6_0,left,2,ankle_inner,4.425304429801812,-4.425304429801812,-0.012550860544754596,0.001380387810589627,0.012626542318524975,0.13505631738870283
6_0,left,2,ankle_outer,4.425304429801812,-4.425304429801812,-0.012550860544754596,0.001380387810589627,0.012626542318524975,0.13505631738870283
6_0,right,3,femur_head,6.806427557056879,6.806427557056879,-0.02087539802111096,0.0009124137038087274,0.02089532821725233,0.2189620698416145
6_0,right,3,knee_inner,6.806427557056879,6.806427557056879,0.017406048584975017,-0.0007607767402581251,0.017422666517816054,0.18257206028242257
6_0,right,3,ost_point,6.806427557056879,6.806427557056879,-0.0005673721618604452,0.002977046984141306,0.0030306302835943284,0.03175796392959238
6_0,right,3,knee_outer,6.806427557056879,6.806427557056879,0.02901008097495836,-0.0012679612337635417,0.029037777529693422,0.30428676713737096
6_0,right,3,ankle_inner,6.806427557056879,6.806427557056879,-0.012486679688480986,-0.0009303613569641832,0.012521291542698616,0.13121056940449988
6_0,right,3,ankle_outer,6.806427557056879,6.806427557056879,-0.012486679688480986,-0.0009303613569641832,0.012521291542698616,0.13121056940449988
48_0,left,4,femur_head,6.440773389490723,-6.440773389490723,-0.01944575619621015,0.0001942219417498071,0.019446726105056926,0.21676152503078452
48_0,left,4,knee_inner,6.440773389490723,-6.440773389490723,0.01639076876287345,-0.0001637090840683171,0.016391586296090884,0.18270763027255418
48_0,left,4,ost_point,6.440773389490723,-6.440773389490723,-0.0006138999559901076,-0.0026607371627678238,0.0027306401090767024,0.030436882339787606
48_0,left,4,knee_outer,6.440773389490723,-6.440773389490723,0.027317947938122412,-0.0002728484734471951,0.027319310493484808,0.30451271712092365
48_0,left,4,ankle_inner,6.440773389490723,-6.440773389490723,-0.011824530274397801,0.0014515363892667645,0.011913289810103493,0.13279062261797508
48_0,left,4,ankle_outer,6.440773389490723,-6.440773389490723,-0.011824530274397801,0.0014515363892667645,0.011913289810103493,0.13279062261797508
48_0,right,5,femur_head,5.9528206437284075,5.9528206437284075,-0.01960622343798967,0.0003746478508710394,0.019609802612788784,0.22191099729617128
48_0,right,5,knee_inner,5.9528206437284075,5.9528206437284075,0.01616656298537901,-0.0003089206902899895,0.016169514239862494,0.1829795588264842
48_0,right,5,ost_point,5.9528206437284075,5.9528206437284075,-0.0003876805700286298,0.002408541777038417,0.0024395429318044594,0.027606672827522362
48_0,right,5,knee_outer,5.9528206437284075,5.9528206437284075,0.026944271642298345,-0.0005148678171499825,0.02694919039977082,0.30496593137747363
48_0,right,5,ankle_inner,5.9528206437284075,5.9528206437284075,-0.011558465309829527,-0.000979700560234742,0.011599910926651845,0.13126841983617427
48_0,right,5,ankle_outer,5.9528206437284075,5.9528206437284075,-0.011558465309829527,-0.000979700560234742,0.011599910926651845,0.13126841983617427
70_0,left,6,femur_head,4.061052673311863,4.061052673311863,-0.021079850521955226,0.0009223721221636835,0.021100020577234535,0.22305795778974927
70_0,left,6,knee_inner,4.061052673311863,4.061052673311863,0.01733864621350675,-0.000758671599058102,0.017355236532884517,0.18347013472394677
70_0,left,6,ost_point,4.061052673311863,4.061052673311863,0.00024690644702428724,0.001784051635084439,0.0018010560874746843,0.01903978677491664
70_0,left,6,knee_outer,4.061052673311863,4.061052673311863,0.028897743689177916,-0.0012644526650968367,0.02892539422147419,0.30578355787324457
70_0,left,6,ankle_inner,4.061052673311863,4.061052673311863,-0.012701722913876863,-0.000341649746546592,0.012706316914441412,0.13432428141907143
70_0,left,6,ankle_outer,4.061052673311863,4.061052673311863,-0.012701722913876863,-0.000341649746546592,0.012706316914441412,0.13432428141907143
70_0,right,7,femur_head,2.153575613800587,-2.153575613800587,-0.02060544920656863,-0.0004572897820342663,0.020610522820861017,0.22499149709559557
70_0,right,7,knee_inner,2.153575613800587,-2.153575613800587,0.016976651192091755,0.0003767570920428481,0.016980831298978122,0.185368546401834
70_0,right,7,ost_point,2.153575613800587,-2.153575613800587,0.0001118513910131555,-0.0009259510453003919,0.0009326821923701911,0.010181476937759948
70_0,right,7,knee_outer,2.153575613800587,-2.153575613800587,0.02829441865348626,0.00062792848673808,0.02830138549829687,0.30894757733639006
70_0,right,7,ankle_inner,2.153575613800587,-2.153575613800587,-0.01238873601501127,0.00018927762427686502,0.012390181841631267,0.13525545111421025
70_0,right,7,ankle_outer,2.153575613800587,-2.153575613800587,-0.01238873601501127,0.00018927762427686502,0.012390181841631267,0.13525545111421025
67_0,left,8,femur_head,24.81975012622058,-24.81975012622058,-0.019251007247081973,-0.003087948988981382,0.019497094885796547,0.20422356106895626
67_0,left,8,knee_inner,24.81975012622058,-24.81975012622058,0.016062489035229565,0.002576496187459488,0.016267817512219125,0.17039828972600232
67_0,left,8,ost_point,24.81975012622058,-24.81975012622058,-0.0018782388624579809,-0.00987220441550626,0.010049288594024392,0.10526191285945828
67_0,left,8,knee_outer,24.81975012622058,-24.81975012622058,0.02677081505871594,0.004294160312432479,0.02711302918703188,0.28399714954333727
67_0,left,8,ankle_inner,24.81975012622058,-24.81975012622058,-0.010852028992202776,0.0030447484522978375,0.011271070330069797,0.11805954340112297
67_0,left,8,ankle_outer,24.81975012622058,-24.81975012622058,-0.010852028992202776,0.0030447484522978375,0.011271070330069797,0.11805954340112297
67_0,right,9,femur_head,4.127767133112025,4.127767133112025,-0.018240559987790055,-0.0013495102375743844,0.01829041296825978,0.21437845340197714
67_0,right,9,knee_inner,4.127767133112025,4.127767133112025,0.015698485902968864,0.0011614373382535803,0.015741391181734916,0.1845018536099749
67_0,right,9,ost_point,4.127767133112025,4.127767133112025,-0.000545336084635549,0.0016386542977495288,0.001727014578033038,0.020242009564457437
67_0,right,9,knee_outer,4.127767133112025,4.127767133112025,0.026164143171614772,0.0019357288970893005,0.02623565196955819,0.3075030893499581
67_0,right,9,ankle_inner,4.127767133112025,4.127767133112025,-0.011538366501079016,-0.0016931551477590125,0.01166193276723911,0.13668729703681623
67_0,right,9,ankle_outer,4.127767133112025,4.127767133112025,-0.011538366501079016,-0.0016931551477590125,0.01166193276723911,0.13668729703681623
9_0,left,10,femur_head,14.453044611568382,-14.453044611568382,-0.020377643591593386,-0.0015917996255371742,0.020439720751367112,0.22093054195871903
9_0,left,10,knee_inner,14.453044611568382,-14.453044611568382,0.01637592854079339,0.0012792056550548474,0.01642581512988308,0.1775447073324655
9_0,left,10,ost_point,14.453044611568382,-14.453044611568382,-0.00117111289647856,-0.005697700166053491,0.0058168112053378854,0.06287322941928616
9_0,left,10,knee_outer,14.453044611568382,-14.453044611568382,0.02729321423465565,0.0021320094250914124,0.02737635854980513,0.2959078455541091
9_0,left,10,ankle_inner,14.453044611568382,-14.453044611568382,-0.011060193143688547,0.0019391423557222028,0.011228897784353147,0.12137183786771015
9_0,left,10,ankle_outer,14.453044611568382,-14.453044611568382,-0.011060193143688547,0.0019391423557222028,0.011228897784353147,0.12137183786771015
9_0,right,11,femur_head,9.796741051314894,9.796741051314894,-0.019852752262393993,0.0003823150689909828,0.019856433144045973,0.22186808750254974
9_0,right,11,knee_inner,9.796741051314894,9.796741051314894,0.016155444037568457,-0.00031111402692022205,0.016158439404495493,0.18054813881697793
9_0,right,11,ost_point,9.796741051314894,9.796741051314894,-0.0008912524847508076,0.0038538142039611562,0.003955529662412765,0.044197555265472234
9_0,right,11,knee_outer,9.796741051314894,9.796741051314894,0.026925740062614095,-0.0005185233782003702,0.026930732340825825,0.3009135646949632
9_0,right,11,ankle_inner,9.796741051314894,9.796741051314894,-0.011168589676518875,-0.0017032459339157734,0.011297718445502376,0.12623632686001846
9_0,right,11,ankle_outer,9.796741051314894,9.796741051314894,-0.011168589676518875,-0.0017032459339157734,0.011297718445502376,0.12623632686001846
26_0,left,12,femur_head,6.632115023107123,-6.632115023107123,-0.019895876174462222,0.0004836545685514656,0.019901753955147126,0.2244679950697852
26_0,left,12,knee_inner,6.632115023107123,-6.632115023107123,0.01619860427955703,-0.00039377652410308307,0.016203389785986694,0.1827548680780473
26_0,left,12,ost_point,6.632115023107123,-6.632115023107123,-0.0006760159918409309,-0.0026178377966080456,0.002703714546799337,0.030494668205065422
26_0,left,12,knee_outer,6.632115023107123,-6.632115023107123,0.026997673799261712,-0.0006562942068384718,0.027005649643311157,0.3045914467967455
26_0,left,12,ankle_inner,6.632115023107123,-6.632115023107123,-0.011312192956257794,0.0015921269794990675,0.011423684948319315,0.1288455109251783
26_0,left,12,ankle_outer,6.632115023107123,-6.632115023107123,-0.011312192956257794,0.0015921269794990675,0.011423684948319315,0.1288455109251783
26_0,right,13,femur_head,0.5713142609381333,0.5713142609381333,-0.020748387640262638,-0.0012111627421116748,0.02078370767833504,0.236833216597135
26_0,right,13,knee_inner,0.5713142609381333,0.5713142609381333,0.016389607987837108,0.0009567241029449422,0.01641750806316628,0.1870797695621049
26_0,right,13,ost_point,0.5713142609381333,0.5713142609381333,-4.900725434360889e-05,0.00022604557840580526,0.00023129702655917182,0.0026356615305200394
26_0,right,13,knee_outer,0.5713142609381333,0.5713142609381333,0.027316013313061844,0.0015945401715749036,0.02736251343861046,0.3117996159368414
26_0,right,13,ankle_inner,0.5713142609381333,0.5713142609381333,-0.011454113203146352,-0.0007830735554069881,0.011480849858075374,0.13082586818669936
26_0,right,13,ankle_outer,0.5713142609381333,0.5713142609381333,-0.011454113203146352,-0.0007830735554069881,0.011480849858075374,0.13082586818669936
63_0,left,14,femur_head,7.006894964352403,-7.006894964352403,-0.020341557533768085,-0.00017880002066560923,0.02034234333470427,0.21607466874074127
63_0,left,14,knee_inner,7.006894964352403,-7.006894964352403,0.017156023582266425,0.00015079953272785057,0.017156686324997394,0.1822368865458199
63_0,left,14,ost_point,7.006894964352403,-7.006894964352403,-0.0006203853005181635,-0.003041678418059837,0.0031043011322985413,0.03297362687260271
63_0,left,14,knee_outer,7.006894964352403,-7.006894964352403,0.028593372637110707,0.00025133255454641763,0.028594477208328993,0.3037281442430332
63_0,left,14,ankle_inner,7.006894964352403,-7.006894964352403,-0.012393726692545442,0.0014091731757255891,0.012473581296832835,0.13249333679890143
63_0,left,14,ankle_outer,7.006894964352403,-7.006894964352403,-0.012393726692545442,0.0014091731757255891,0.012473581296832835,0.13249333679890143
63_0,right,15,femur_head,2.696916594962629,-2.696916594962629,-0.019970419400144754,-0.0013142911126957345,0.020013620665601438,0.2143261362555862
63_0,right,15,knee_inner,2.696916594962629,-2.696916594962629,0.017204070486155597,0.0011322324528638286,0.017241287411905414,0.18463718168782006
63_0,right,15,ost_point,2.696916594962629,-2.696916594962629,0.00024009407639044925,-0.001213558307663183,0.0012370808104631287,0.013247915245950512
63_0,right,15,knee_outer,2.696916594962629,-2.696916594962629,0.028673450810259328,0.001887054088106381,0.028735479019842358,0.3077286361463668
63_0,right,15,ankle_inner,2.696916594962629,-2.696916594962629,-0.01307359798633031,-0.0002457185603056461,0.013075906925298092,0.14003006533213827
63_0,right,15,ankle_outer,2.696916594962629,-2.696916594962629,-0.01307359798633031,-0.0002457185603056461,0.013075906925298092,0.14003006533213827
30_0,left,16,femur_head,7.3678039692899056,-7.3678039692899056,-0.0195458404131512,0.00018510182748779035,0.019546716863527592,0.21819846164878712
30_0,left,16,knee_inner,7.3678039692899056,-7.3678039692899056,0.0163068089560216,-0.00015442774904797426,0.01630754016575959,0.18203978715648042
30_0,left,16,ost_point,7.3678039692899056,-7.3678039692899056,-0.0006900938495015829,-0.0029988381040463364,0.0030772161925025905,0.034350722121404276
30_0,left,16,knee_outer,7.3678039692899056,-7.3678039692899056,0.027178014926702673,-0.00025737958174662376,0.027179233609599323,0.30339964526080077
30_0,left,16,ankle_inner,7.3678039692899056,-7.3678039692899056,-0.011624444810035746,0.001612771803676572,0.011735789280329686,0.13100569190626365
30_0,left,16,ankle_outer,7.3678039692899056,-7.3678039692899056,-0.011624444810035746,0.001612771803676572,0.011735789280329686,0.13100569190626365
30_0,right,17,femur_head,7.986763271207537,7.986763271207537,-0.019437301145143193,9.834304644445094e-05,0.019437549926926718,0.21631803478281952
30_0,right,17,knee_inner,7.986763271207537,7.986763271207537,0.016318662179474846,-8.256428918005415e-05,0.016318871045193983,0.18161065194129428
30_0,right,17,ost_point,7.986763271207537,7.986763271207537,-0.000739977001276218,0.0032687482164088263,0.003351459512614411,0.03729796904179902
30_0,right,17,knee_outer,7.986763271207537,7.986763271207537,0.027197770299124745,-0.00013760714863342356,0.02719811840865664,0.30268441990215716
30_0,right,17,ankle_inner,7.986763271207537,7.986763271207537,-0.01166957716609009,-0.0015734599125198998,0.011775177592360905,0.13104446216596496
30_0,right,17,ankle_outer,7.986763271207537,7.986763271207537,-0.01166957716609009,-0.0015734599125198998,0.011775177592360905,0.13104446216596496
32_0,left,18,femur_head,10.55316720684807,-10.55316720684807,-0.018074386647277136,-0.0007135706831933109,0.01808846692771897,0.21773270332739755
32_0,left,18,knee_inner,10.55316720684807,-10.55316720684807,0.014929411239747881,0.0005894081158004699,0.014941041526362272,0.17984682588420997
32_0,left,18,ost_point,10.55316720684807,-10.55316720684807,-0.0007935239476707864,-0.0039015450140619046,0.003981423583629144,0.047924797796246754
32_0,left,18,knee_outer,10.55316720684807,-10.55316720684807,0.024882352066246467,0.0009823468596674501,0.024901735877270452,0.2997447098070166
32_0,left,18,ankle_inner,10.55316720684807,-10.55316720684807,-0.010471926355523213,0.0015216803608936477,0.010581906856338847,0.12737548159256457
32_0,left,18,ankle_outer,10.55316720684807,-10.55316720684807,-0.010471926355523213,0.0015216803608936477,0.010581906856338847,0.12737548159256457
32_0,right,19,femur_head,9.339190422800327,9.339190422800327,-0.017932695449105345,-0.00014917297795508447,0.017933315885460658,0.21920130803780255
32_0,right,19,knee_inner,9.339190422800327,9.339190422800327,0.014802203118484417,0.00012313200353773472,0.014802715245898808,0.18093555955498583
32_0,right,19,ost_point,9.339190422800327,9.339190422800327,-0.0009456976279359312,0.003376127198843668,0.0035060774187481427,0.04285525115265953
32_0,right,19,knee_outer,9.339190422800327,9.339190422800327,0.024670338530807363,0.00020522000589622455,0.024671192076498018,0.30155926592497645
32_0,right,19,ankle_inner,9.339190422800327,9.339190422800327,-0.010297074286125252,-0.0017776531151612715,0.010449391822102588,0.12772430766478785
32_0,right,19,ankle_outer,9.339190422800327,9.339190422800327,-0.010297074286125252,-0.0017776531151612715,0.010449391822102588,0.12772430766478785
20_0,left,20,femur_head,7.533154004502577,-7.533154004502577,-0.01848014841811965,0.0013557476102533858,0.018529812118271406,0.21169176431153425
20_0,left,20,knee_inner,7.533154004502577,-7.533154004502577,0.01592074392388201,-0.0011679836135458578,0.015963529459719666,0.18237355534948937
20_0,left,20,ost_point,7.533154004502577,-7.533154004502577,-0.0012226269371312139,-0.0029542468212814597,0.003197247395565514,0.03652659496964512
20_0,left,20,knee_outer,7.533154004502577,-7.533154004502577,0.026534573206470017,-0.001946639355909763,0.026605882432866105,0.30395592558248224
20_0,left,20,ankle_inner,7.533154004502577,-7.533154004502577,-0.011376270887550582,0.0023565610902418475,0.011617784620097446,0.1327260798934245
20_0,left,20,ankle_outer,7.533154004502577,-7.533154004502577,-0.011376270887550582,0.0023565610902418475,0.011617784620097446,0.1327260798934245
20_0,right,21,femur_head,11.635063027723099,11.635063027723099,-0.017691985484820566,0.0022386269948954287,0.01783305361449284,0.20971212847379223
20_0,right,21,knee_inner,11.635063027723099,11.635063027723099,0.015038972808333217,-0.0019029322928802131,0.015158886978966241,0.17826461594155157
20_0,right,21,ost_point,11.635063027723099,11.635063027723099,-0.00024345977786391013,0.004538800069383487,0.004545324931539338,0.05345185331711442
20_0,right,21,knee_outer,11.635063027723099,11.635063027723099,0.025064954680555362,-0.003171553821467022,0.0252648116316104,0.2971076932359193
20_0,right,21,ankle_inner,11.635063027723099,11.635063027723099,-0.011084241113102052,-0.0008514704749658401,0.011116897185056646,0.13073185451581118
20_0,right,21,ankle_outer,11.635063027723099,11.635063027723099,-0.011084241113102052,-0.0008514704749658401,0.011116897185056646,0.13073185451581118
34_0,left,22,femur_head,9.629366608854484,-9.629366608854484,-0.01780160209546018,-0.0002668487985498935,0.01780360203572243,0.2161793826080405
34_0,left,22,knee_inner,9.629366608854484,-9.629366608854484,0.0148718290936228,0.00022293104320563725,0.01487349988536492,0.18060075798074185
34_0,left,22,ost_point,9.629366608854484,-9.629366608854484,-0.0008748844807134129,-0.003554877210524768,0.0036609527225165764,0.044452942596834695
34_0,left,22,knee_outer,9.629366608854484,-9.629366608854484,0.02478638182270467,0.0003715517386760621,0.024789166475608203,0.30100126330123644
34_0,left,22,ankle_inner,9.629366608854484,-9.629366608854484,-0.010490862170076939,0.001613621613596481,0.010614234017743208,0.1288828267565732
34_0,left,22,ankle_outer,9.629366608854484,-9.629366608854484,-0.010490862170076939,0.001613621613596481,0.010614234017743208,0.1288828267565732
34_0,right,23,femur_head,9.682012974950668,9.682012974950668,-0.01789404300339039,0.0003665694593481466,0.0178977972995481,0.2157270301553962
34_0,right,23,knee_inner,9.682012974950668,9.682012974950668,0.014977128995317633,-0.0003068148476764481,0.014980271302387646,0.1805612939346336
34_0,right,23,ost_point,9.682012974950668,9.682012974950668,-0.0008709214606049676,0.0036081714684045533,0.0037117927657603625,0.044739250115989684
34_0,right,23,knee_outer,9.682012974950668,9.682012974950668,0.02496188165886272,-0.000511358079460747,0.024967118837312743,0.300935489891056
34_0,right,23,ankle_inner,9.682012974950668,9.682012974950668,-0.010587023095092497,-0.0015782840003077524,0.010704019731000563,0.12901846795146227
34_0,right,23,ankle_outer,9.682012974950668,9.682012974950668,-0.010587023095092497,-0.0015782840003077524,0.010704019731000563,0.12901846795146227
31_0,left,24,femur_head,7.564960330674568,-7.564960330674568,-0.01956548475689321,-5.940815601714736e-05,0.019565574949416176,0.22018983352879723
31_0,left,24,knee_inner,7.564960330674568,-7.564960330674568,0.016175827100655363,4.911588299715233e-05,0.016175901667612198,0.18204264912112914
31_0,left,24,ost_point,7.564960330674568,-7.564960330674568,-0.0007147078169646298,-0.003027523141772681,0.003110740046612618,0.035008086130146346
31_0,left,24,knee_outer,7.564960330674568,-7.564960330674568,0.02695971183442561,8.18598049952539e-05,0.026959836112687,0.30340441520188194
31_0,left,24,ankle_inner,7.564960330674568,-7.564960330674568,-0.011427673180611567,0.0014779778048987112,0.011522852629216521,0.12967750800902264
31_0,left,24,ankle_outer,7.564960330674568,-7.564960330674568,-0.011427673180611567,0.0014779778048987112,0.011522852629216521,0.12967750800902264
31_0,right,25,femur_head,8.15738118802255,8.15738118802255,-0.019589597359445765,0.0008123159100358137,0.01960643215485423,0.21637178691582257
31_0,right,25,knee_inner,8.15738118802255,8.15738118802255,0.01642644303567623,-0.0006811503461934506,0.01644055949773108,0.18143399106600075
31_0,right,25,ost_point,8.15738118802255,8.15738118802255,-0.0006040382088621614,0.0033833376391562905,0.00343683513400004,0.03792807143111744
31_0,right,25,knee_outer,8.15738118802255,8.15738118802255,0.02737740505946038,-0.0011352505769890845,0.027400932496218465,0.30238998511000126
31_0,right,25,ankle_inner,8.15738118802255,8.15738118802255,-0.011805106263414343,-0.0011896263130047845,0.011864895475944907,0.130938082738529
31_0,right,25,ankle_outer,8.15738118802255,8.15738118802255,-0.011805106263414343,-0.0011896263130047845,0.011864895475944907,0.130938082738529
47_0,left,26,femur_head,8.975525286631186,-8.975525286631186,-0.020270237973089644,-0.0008709293470128365,0.0202889394846841,0.21457227462351589
47_0,left,26,knee_inner,8.975525286631186,-8.975525286631186,0.01707072808645737,0.0007334594731995578,0.01708647770023391,0.18070359903290206
47_0,left,26,ost_point,8.975525286631186,-8.975525286631186,-0.0006478989762391703,-0.0038860140811638483,0.003939654619686283,0.04166509805085015
47_0,left,26,knee_outer,8.975525286631186,-8.975525286631186,0.028451213477428954,0.0012224324553325966,0.028477462833723186,0.3011726650548368
47_0,left,26,ankle_inner,8.975525286631186,-8.975525286631186,-0.012301902307278755,0.0014005257498222652,0.012381367967787145,0.13094318161894752
47_0,left,26,ankle_outer,8.975525286631186,-8.975525286631186,-0.012301902307278755,0.0014005257498222652,0.012381367967787145,0.13094318161894752
47_0,right,27,femur_head,10.996339385001022,10.996339385001022,-0.020401345978389083,0.000348023081835303,0.020404314195665154,0.2126418114229971
47_0,right,27,knee_inner,10.996339385001022,10.996339385001022,0.017231630138981116,-0.0002939514398886652,0.01723413719034565,0.17960408349554313
47_0,right,27,ost_point,10.996339385001022,10.996339385001022,-0.0012081903998553585,0.004725657114038901,0.004877659192867941,0.05083210718720565
47_0,right,27,knee_outer,10.996339385001022,10.996339385001022,0.028719383564968524,-0.0004899190664811086,0.02872356198390941,0.2993401391592385
47_0,right,27,ankle_inner,10.996339385001022,10.996339385001022,-0.0121707386628526,-0.0021449048447522152,0.012358296662262831,0.1287909293675078
47_0,right,27,ankle_outer,10.996339385001022,10.996339385001022,-0.0121707386628526,-0.0021449048447522152,0.012358296662262831,0.1287909293675078
15_0,left,28,femur_head,4.806171182253677,4.806171182253677,-0.019782841224939667,0.0009382962148222944,0.019805080325964907,0.21750077641102653
15_0,left,28,knee_inner,4.806171182253677,4.806171182253677,0.01661741389398305,-0.0007881606276657184,0.016636094544662316,0.18269875306526984
15_0,left,28,ost_point,4.806171182253677,4.806171182253677,0.0002645623353062579,0.002061526432681103,0.002078433174751013,0.022825498396697647
15_0,left,28,knee_outer,4.806171182253677,4.806171182253677,0.027695689823305083,-0.0013136010461095304,0.027726824241103863,0.30449792177544976
15_0,left,28,ankle_inner,4.806171182253677,4.806171182253677,-0.012397412413827361,-0.00044903048686407423,0.01240554162205964,0.13623852517577809
15_0,left,28,ankle_outer,4.806171182253677,4.806171182253677,-0.012397412413827361,-0.00044903048686407423,0.01240554162205964,0.13623852517577809
15_0,right,29,femur_head,5.635465851768154,5.635465851768154,-0.019899893274413306,0.00045376102475823995,0.019905065973280008,0.21656582017268128
15_0,right,29,knee_inner,5.635465851768154,5.635465851768154,0.01683006641533317,-0.0003837622683730683,0.01683444115565326,0.1831576223317601
15_0,right,29,ost_point,5.635465851768154,5.635465851768154,-0.00039004506606969344,0.002424154911134203,0.0024553334166140016,0.02671386750891443
15_0,right,29,knee_outer,5.635465851768154,5.635465851768154,0.02805011069222195,-0.0006396037806217804,0.02805740192608877,0.3052627038862669
15_0,right,29,ankle_inner,5.635465851768154,5.635465851768154,-0.012295119383536059,-0.000927274943448797,0.012330036475053594,0.13414999305018854
15_0,right,29,ankle_outer,5.635465851768154,5.635465851768154,-0.012295119383536059,-0.000927274943448797,0.012330036475053594,0.13414999305018854
40_0,left,30,femur_head,4.317712472178059,-4.317712472178059,-0.019290126376018464,0.0006166402265035479,0.01929997981272793,0.23113309836033796
40_0,left,30,knee_inner,4.317712472178059,-4.317712472178059,0.015386727380464142,-0.0004918617365220246,0.015394586952840903,0.18436281358393936
40_0,left,30,ost_point,4.317712472178059,-4.317712472178059,-0.00036072076083819987,-0.0016055131705621083,0.0016455369968943522,0.01970665608198888
40_0,left,30,knee_outer,4.317712472178059,-4.317712472178059,0.025644545634106904,-0.000819769560870041,0.025657644921401507,0.3072713559732323
40_0,left,30,ankle_inner,4.317712472178059,-4.317712472178059,-0.010690212938857191,0.001150252120725313,0.010751917625211922,0.12876303800025074
40_0,left,30,ankle_outer,4.317712472178059,-4.317712472178059,-0.010690212938857191,0.001150252120725313,0.010751917625211922,0.12876303800025074
41_0,left,31,femur_head,0.7234129407711409,0.7234129407711409,-0.019038193888962836,0.0008264690515842775,0.01905612441308485,0.22446094238013206
41_0,left,31,knee_inner,0.7234129407711409,0.7234129407711409,0.01584127822584318,-0.0006876874070909319,0.015856197835497788,0.18676919984200965
41_0,left,31,ost_point,0.7234129407711409,0.7234129407711409,4.6595352928318484e-05,0.00029143487837343207,0.00029513626555720273,0.0034763923062988904
41_0,left,31,knee_outer,0.7234129407711409,0.7234129407711409,0.026402130376405302,-0.0011461456784848867,0.02642699639249631,0.31128199973668275
41_0,left,31,ankle_inner,0.7234129407711409,0.7234129407711409,-0.011625905033106983,0.0003579645778090545,0.01163141463785847,0.13700573286743842
41_0,left,31,ankle_outer,0.7234129407711409,0.7234129407711409,-0.011625905033106983,0.0003579645778090545,0.01163141463785847,0.13700573286743842
41_0,right,32,femur_head,2.522313672738593,2.522313672738593,-0.01918377490273947,-6.986290495787136e-06,0.01918377617486275,0.2216851467503812
41_0,right,32,knee_inner,2.522313672738593,2.522313672738593,0.016054748001893618,5.846770718826033e-06,0.01605474906652343,0.1855265287924084
41_0,right,32,ost_point,2.522313672738593,2.522313672738593,-0.0001549568647547482,0.0010311717845392224,0.0010427496723396396,0.01204987547964752
41_0,right,32,knee_outer,2.522313672738593,2.522313672738593,0.02675791333648936,9.744617864710054e-06,0.026757915110872377,0.30921088132068064
41_0,right,32,ankle_inner,2.522313672738593,2.522313672738593,-0.011736964785444379,-0.0005198884413134857,0.011748473363215016,0.13576378382844112
41_0,right,32,ankle_outer,2.522313672738593,2.522313672738593,-0.011736964785444379,-0.0005198884413134857,0.011748473363215016,0.13576378382844112
57_0,left,33,femur_head,2.0559965956830393,-2.0559965956830393,-0.016765455412031383,-0.0007296880353929257,0.01678132711682267,0.22524776489712028
57_0,left,33,knee_inner,2.0559965956830393,-2.0559965956830393,0.013831755873039552,0.0006020037345236598,0.01384485027104824,0.18583283414830173
57_0,left,33,ost_point,2.0559965956830393,-2.0559965956830393,-4.0996719537427645e-05,-0.0007207156426057878,0.0007218807162610068,0.009689461192680134
57_0,left,33,knee_outer,2.0559965956830393,-2.0559965956830393,0.023052926455065917,0.0010033395575394328,0.023074750451747065,0.30972139024716955
57_0,left,33,ankle_inner,2.0559965956830393,-2.0559965956830393,-0.010039115098268329,-7.746980703218954e-05,0.010039414003181694,0.13475427475736412
57_0,left,33,ankle_outer,2.0559965956830393,-2.0559965956830393,-0.010039115098268329,-7.746980703218954e-05,0.010039414003181694,0.13475427475736412
57_0,right,34,femur_head,2.841864438971499,2.841864438971499,-0.01669199660959373,0.00023036882512989475,0.016693586211784465,0.22419689812801055
57_0,right,34,knee_inner,2.841864438971499,2.841864438971499,0.013793338261117942,-0.00019036399324492232,0.013794651820018666,0.18526385580474403
57_0,right,34,ost_point,2.841864438971499,2.841864438971499,-0.00012011849346081974,0.0009900662269518063,0.0009973262185573397,0.013394212710534916
57_0,right,34,knee_outer,2.841864438971499,2.841864438971499,0.02298889710186324,-0.00031727332207487054,0.02299108636669778,0.3087730930079068
57_0,right,34,ankle_inner,2.841864438971499,2.841864438971499,-0.009985060129963317,-0.00035639886838095407,0.009991418615610412,0.13418597017440184
57_0,right,34,ankle_outer,2.841864438971499,2.841864438971499,-0.009985060129963317,-0.00035639886838095407,0.009991418615610412,0.13418597017440184
50_0,left,35,femur_head,7.52537021898576,-7.52537021898576,-0.016783668208699663,-0.00017492344988304442,0.01678457973120074,0.2157323522428901
50_0,left,35,knee_inner,7.52537021898576,-7.52537021898576,0.014155625460889852,0.00014753335266647034,0.01415639425415745,0.18195226098214873
50_0,left,35,ost_point,7.52537021898576,-7.52537021898576,-0.0005965587451502025,-0.002685409823701525,0.0027508740897481732,0.03535700908865939
50_0,left,35,knee_outer,7.52537021898576,-7.52537021898576,0.02359270910148309,0.00024588892111078393,0.02359399042359575,0.30325376830358125
50_0,left,35,ankle_inner,7.52537021898576,-7.52537021898576,-0.010184053804261538,0.0012334554999036576,0.010258477682304354,0.13185230469136028
50_0,left,35,ankle_outer,7.52537021898576,-7.52537021898576,-0.010184053804261538,0.0012334554999036576,0.010258477682304354,0.13185230469136028
50_0,right,36,femur_head,4.85691737753268,4.85691737753268,-0.01683500244627218,-0.0003627032309331204,0.016838909139244133,0.22048734618042354
50_0,right,36,knee_inner,4.85691737753268,4.85691737753268,0.01404395706957206,0.00030257130169575677,0.014047216078803404,0.18393313776009643
50_0,right,36,ost_point,4.85691737753268,4.85691737753268,-0.0004121560102727309,0.001706554575574871,0.0017556198609663379,0.02298794778481047
50_0,right,36,knee_outer,4.85691737753268,4.85691737753268,0.023406595115953437,0.0005042855028262614,0.023412026798005678,0.3065552296001608
50_0,right,36,ankle_inner,4.85691737753268,4.85691737753268,-0.010101696864490292,-0.0010753540745818844,0.010158772855407923,0.13301816933725438
50_0,right,36,ankle_outer,4.85691737753268,4.85691737753268,-0.010101696864490292,-0.0010753540745818844,0.010158772855407923,0.13301816933725438
62_0,left,37,femur_head,7.357514493197946,-7.357514493197946,-0.01988034943999561,-0.0006361971578585048,0.01989052640530162,0.22174161809388296
62_0,left,37,knee_inner,7.357514493197946,-7.357514493197946,0.016315202008393356,0.0005221077818051428,0.016323553936275766,0.1819766450176899
62_0,left,37,ost_point,7.357514493197946,-7.357514493197946,-0.00047923104036691824,-0.002988184820170073,0.003026369261928559,0.033738273357650374
62_0,left,37,knee_outer,7.357514493197946,-7.357514493197946,0.02719200334732226,0.0008701796363419046,0.02720592322712628,0.3032944083628165
62_0,left,37,ankle_inner,7.357514493197946,-7.357514493197946,-0.011573812437676544,0.0011160472799407652,0.011627497403722755,0.12962452758398021
62_0,left,37,ankle_outer,7.357514493197946,-7.357514493197946,-0.011573812437676544,0.0011160472799407652,0.011627497403722755,0.12962452758398021
62_0,right,38,femur_head,16.447518764285245,16.447518764285245,-0.01952228635061003,0.0011485081524546955,0.01955604089102571,0.20946588181451328
62_0,right,38,knee_inner,16.447518764285245,16.447518764285245,0.0164095113076591,-0.0009653816759047323,0.016437883779135454,0.17606712115953743
62_0,right,38,ost_point,16.447518764285245,16.447518764285245,-0.0017262073155762114,0.006643473606194567,0.006864075557025336,0.07352150915442
62_0,right,38,knee_outer,16.447518764285245,16.447518764285245,0.02734918551276517,-0.0016089694598412202,0.027396472965225762,0.29344520193256246
62_0,right,38,ankle_inner,16.447518764285245,16.447518764285245,-0.011255101577119014,-0.002608815311451655,0.011553494226446453,0.12375014296948336
62_0,right,38,ankle_outer,16.447518764285245,16.447518764285245,-0.011255101577119014,-0.002608815311451655,0.011553494226446453,0.12375014296948336
19_0,left,39,femur_head,15.159612075328537,-15.159612075328537,-0.017568867511711446,-0.000586805642273275,0.017578664525665016,0.2081044606036056
19_0,left,39,knee_inner,15.159612075328537,-15.159612075328537,0.0149788627106325,0.0005002986759150348,0.014987215447477198,0.17742567315586658
19_0,left,39,ost_point,15.159612075328537,-15.159612075328537,-0.001860533209970587,-0.005552840445617337,0.005856246309701053,0.06932898558151923
19_0,left,39,knee_outer,15.159612075328537,-15.159612075328537,0.024964771184387495,0.0008338311265250582,0.024978692412461992,0.2957094552597776
19_0,left,39,ankle_inner,15.159612075328537,-15.159612075328537,-0.010257116586668981,0.0024027581427252596,0.010534784637805961,0.12471571269961546
19_0,left,39,ankle_outer,15.159612075328537,-15.159612075328537,-0.010257116586668981,0.0024027581427252596,0.010534784637805961,0.12471571269961546
19_0,right,40,femur_head,15.9940630262048,15.9940630262048,-0.01736369877987625,0.0013577352446376323,0.017416701189169184,0.2067101735282305
19_0,right,40,knee_inner,15.9940630262048,15.9940630262048,0.014815028805666233,-0.0011584448114872314,0.01486025144114264,0.1763689415526031
19_0,right,40,ost_point,15.9940630262048,15.9940630262048,-0.0014551989313302052,0.005927482946453212,0.006103495556665723,0.0724393564512511
19_0,right,40,knee_outer,15.9940630262048,15.9940630262048,0.02469171467611039,-0.0019307413524787187,0.024767085735237736,0.2939482359210052
19_0,right,40,ankle_inner,15.9940630262048,15.9940630262048,-0.010343922885285083,-0.0020980160135624475,0.010554544606466399,0.12526664627345496
19_0,right,40,ankle_outer,15.9940630262048,15.9940630262048,-0.010343922885285083,-0.0020980160135624475,0.010554544606466399,0.12526664627345496
69_0,left,41,femur_head,6.0394974641568835,-6.0394974641568835,-0.0187072305470699,0.00019977271771414611,0.018708297193490597,0.2177917466998117
69_0,left,41,knee_inner,6.0394974641568835,-6.0394974641568835,0.01572781824907686,-0.0001679558600310485,0.01572871501575745,0.18310508333261225
69_0,left,41,ost_point,6.0394974641568835,-6.0394974641568835,-0.0005939622636210486,-0.002383422998378455,0.0024563176422859453,0.028595104312815617
69_0,left,41,knee_outer,6.0394974641568835,-6.0394974641568835,0.026213030415128104,-0.00027992643338508086,0.02621452502626242,0.3051751388876871
69_0,left,41,ankle_inner,6.0394974641568835,-6.0394974641568835,-0.011319827926757007,0.0013157662870402192,0.011396040769210131,0.13266646338353655
69_0,left,41,ankle_outer,6.0394974641568835,-6.0394974641568835,-0.011319827926757007,0.0013157662870402192,0.011396040769210131,0.13266646338353655
69_0,right,42,femur_head,9.10478508923589,9.10478508923589,-0.018596968773703402,0.0003897704782774463,0.018601052889442467,0.21444404256585145
69_0,right,42,knee_inner,9.10478508923589,9.10478508923589,0.01568806725106644,-0.0003288033415608739,0.015691512537400747,0.18090112438757847
69_0,right,42,ost_point,9.10478508923589,9.10478508923589,-0.0008371306287311212,0.003585309647995862,0.0036817431960379818,0.042445333570113174
69_0,right,42,knee_outer,9.10478508923589,9.10478508923589,0.026146778751777393,-0.0005480055692681233,0.02615252089566791,0.30150187397929745
69_0,right,42,ankle_inner,9.10478508923589,9.10478508923589,-0.011200373300204654,-0.0015491356077221555,0.01130699709007878,0.1303538127485798
69_0,right,42,ankle_outer,9.10478508923589,9.10478508923589,-0.011200373300204654,-0.0015491356077221555,0.01130699709007878,0.1303538127485798
58_0,left,43,femur_head,4.587130884358643,-4.587130884358643,-0.018315754891565606,0.0006513552183306776,0.018327333163020636,0.21809998412241072
58_0,left,43,knee_inner,4.587130884358643,-4.587130884358643,0.015462583808969775,-0.0005498891371103621,0.01547235845346553,0.18412504989246917
58_0,left,43,ost_point,4.587130884358643,-4.587130884358643,-0.0004705674027534919,-0.0017864276528428177,0.0018473649989581556,0.021984119203661872
58_0,left,43,knee_outer,4.587130884358643,-4.587130884358643,0.025770973014949627,-0.000916481895183937,0.025787264089109217,0.30687508315411527
58_0,left,43,ankle_inner,4.587130884358643,-4.587130884358643,-0.011223617264800152,0.0013007217334032196,0.011298737165474181,0.1344578818136715
58_0,left,43,ankle_outer,4.587130884358643,-4.587130884358643,-0.011223617264800152,0.0013007217334032196,0.011298737165474181,0.1344578818136715
58_0,right,44,femur_head,2.1111147388890967,2.1111147388890967,-0.017970682540948055,-0.0007296215299582311,0.017985487999065075,0.22107162289731744
58_0,right,44,knee_inner,2.1111147388890967,2.1111147388890967,0.01511488404208753,0.0006136742327288009,0.015127336701140342,0.18594017992778888
58_0,right,44,ost_point,2.1111147388890967,2.1111147388890967,-0.00020292600968303473,0.0008067631895608712,0.0008318929074323866,0.010225350300887332
58_0,right,44,knee_outer,2.1111147388890967,2.1111147388890967,0.02519147340347922,0.001022790387881335,0.025212227835233907,0.3099002998796482
58_0,right,44,ankle_inner,2.1111147388890967,2.1111147388890967,-0.01106637444746783,-0.000856803140106388,0.011099493458373003,0.136431273497179
58_0,right,44,ankle_outer,2.1111147388890967,2.1111147388890967,-0.01106637444746783,-0.000856803140106388,0.011099493458373003,0.136431273497179
23_0,left,45,femur_head,9.92024174170967,-9.92024174170967,-0.019602622843673152,0.0007657883193307217,0.019617575133061678,0.21144097802551856
23_0,left,45,knee_inner,9.92024174170967,-9.92024174170967,0.016758447961128166,-0.000654678907056856,0.01677123079971133,0.1807626793286162
23_0,left,45,ost_point,9.92024174170967,-9.92024174170967,-0.0015449189383742457,-0.0040778281254103006,0.004360671593520279,0.04699993043626109
23_0,left,45,knee_outer,9.92024174170967,-9.92024174170967,0.02793074660188028,-0.0010911315117614268,0.02795205133285222,0.30127113221436036
23_0,left,45,ankle_inner,9.92024174170967,-9.92024174170967,-0.011770826390480525,0.002528925112448931,0.012039427566923921,0.12976263999762197
23_0,left,45,ankle_outer,9.92024174170967,-9.92024174170967,-0.011770826390480525,0.002528925112448931,0.012039427566923921,0.12976263999762197
23_0,right,46,femur_head,8.700450647474833,8.700450647474833,-0.019544331582105185,0.0004189423067709543,0.019548821183070775,0.2125055986038675
23_0,right,46,knee_inner,8.700450647474833,8.700450647474833,0.0166490243203887,-0.00035687997949521405,0.016652848829574445,0.18102491070167664
23_0,right,46,ost_point,8.700450647474833,8.700450647474833,-0.0007850326083676668,0.003679883746078372,0.00376268794624964,0.04090232586861971
23_0,right,46,knee_outer,8.700450647474833,8.700450647474833,0.027748373867314505,-0.0005947999658253567,0.027754748049290744,0.30170818450279446
23_0,right,46,ankle_inner,8.700450647474833,8.700450647474833,-0.012034016998615176,-0.0015735730537643777,0.012136461480946263,0.13192949016152083
23_0,right,46,ankle_outer,8.700450647474833,8.700450647474833,-0.012034016998615176,-0.0015735730537643777,0.012136461480946263,0.13192949016152083
39_0,left,47,femur_head,7.169596430987644,-7.169596430987644,-0.016904028911355524,0.0005968511293705179,0.016914562504143412,0.22216861557082784
39_0,left,47,knee_inner,7.169596430987644,-7.169596430987644,0.01389172133044066,-0.0004904919181369968,0.01390037783099358,0.18257804172391537
39_0,left,47,ost_point,7.169596430987644,-7.169596430987644,-0.0007748715052277658,-0.002414106500885229,0.0025354163459341875,0.03330206970081912
39_0,left,47,knee_outer,7.169596430987644,-7.169596430987644,0.023152868884067767,-0.0008174865302283281,0.023167296384989298,0.3042967362065256
39_0,left,47,ankle_inner,7.169596430987644,-7.169596430987644,-0.009682844898962569,0.001562616909940018,0.009808121988668162,0.128827268398956
39_0,left,47,ankle_outer,7.169596430987644,-7.169596430987644,-0.009682844898962569,0.001562616909940018,0.009808121988668162,0.128827268398956
39_0,right,48,femur_head,11.89581907443436,11.89581907443436,-0.01726633123137954,0.0008486355431850145,0.017287173756194776,0.21920994919818812
39_0,right,48,knee_inner,11.89581907443436,11.89581907443436,0.014115341406910478,-0.0006937652395041147,0.014132380310520436,0.17920560142507505
39_0,right,48,ost_point,11.89581907443436,11.89581907443436,-0.0009316307880099309,0.004095513740669251,0.004200139131645361,0.05325985025998646
39_0,right,48,knee_outer,11.89581907443436,11.89581907443436,0.02352556901151746,-0.0011562753991735243,0.023553967184200723,0.29867600237512504
39_0,right,48,ankle_inner,11.89581907443436,11.89581907443436,-0.009721474199519234,-0.0015470543225883132,0.009843801993587503,0.12482429837081269
39_0,right,48,ankle_outer,11.89581907443436,11.89581907443436,-0.009721474199519234,-0.0015470543225883132,0.009843801993587503,0.12482429837081269
35_0,left,49,femur_head,3.480725756929742,-3.480725756929742,-0.020207727641556164,0.00010531807683038038,0.020208002086614607,0.22358815890147682
35_0,left,49,knee_inner,3.480725756929742,-3.480725756929742,0.016704659319755497,-8.706088209766954e-05,0.016704886188965366,0.18482850168169151
35_0,left,49,ost_point,3.480725756929742,-3.480725756929742,-0.0002460037486791654,-0.0014612275174781693,0.0014817907079610181,0.016395032762282515
35_0,left,49,knee_outer,3.480725756929742,-3.480725756929742,0.027841098866259163,-0.00014510147016278259,0.027841476981608944,0.30804750280281923
35_0,left,49,ankle_inner,3.480725756929742,-3.480725756929742,-0.012046013397889665,0.0007940358964541206,0.012072155225434894,0.13357040192586495
35_0,left,49,ankle_outer,3.480725756929742,-3.480725756929742,-0.012046013397889665,0.0007940358964541206,0.012072155225434894,0.13357040192586495
35_0,right,50,femur_head,5.214547815934736,5.214547815934736,-0.020187193366735853,-0.0006974225657516394,0.020199236972252285,0.22320392640468772
35_0,right,50,knee_inner,5.214547815934736,5.214547815934736,0.016613955819631925,0.0005739751675487923,0.016623867644734305,0.18369567798197925
35_0,right,50,ost_point,5.214547815934736,5.214547815934736,-0.0005413571556853007,0.002137941776978651,0.002205416652644645,0.024370111450486124
35_0,right,50,knee_outer,5.214547815934736,5.214547815934736,0.027689926366053212,0.0009566252792479872,0.027706446074557183,0.30615946330329885
35_0,right,50,ankle_inner,5.214547815934736,5.214547815934736,-0.011787665831631992,-0.0014855598290118956,0.011880907110309305,0.13128541042977412
35_0,right,50,ankle_outer,5.214547815934736,5.214547815934736,-0.011787665831631992,-0.0014855598290118956,0.011880907110309305,0.13128541042977412
11_0,left,51,femur_head,6.989918053346087,-6.989918053346087,-0.01944339467774318,-0.001110606511540549,0.0194750877640633,0.21694073994908833
11_0,left,51,knee_inner,6.989918053346087,-6.989918053346087,0.016315133101606857,0.0009319202412754037,0.016341727064764194,0.18203699025263426
11_0,left,51,ost_point,6.989918053346087,-6.989918053346087,-0.0003233435811145144,-0.0029106047898880046,0.00292851008438881,0.03262183731094638
11_0,left,51,knee_outer,6.989918053346087,-6.989918053346087,0.02719188850267809,0.0015532004021256726,0.027236211774606986,0.30339498375439033
11_0,left,51,ankle_inner,6.989918053346087,-6.989918053346087,-0.011870141672713627,0.0007680453290137386,0.011894963512248051,0.13250272436647034
11_0,left,51,ankle_outer,6.989918053346087,-6.989918053346087,-0.011870141672713627,0.0007680453290137386,0.011894963512248051,0.13250272436647034
11_0,right,52,femur_head,8.07073034990135,8.07073034990135,-0.01960195093958242,0.0013008816152940228,0.019645069956984274,0.21619771842772917
11_0,right,52,knee_inner,8.07073034990135,8.07073034990135,0.016430484395044232,-0.0010904075388091811,0.01646662703945419,0.18121835167426675
11_0,right,52,ost_point,8.07073034990135,8.07073034990135,-0.0003686115822213801,0.0033801937192671386,0.003400232944714341,0.03742020804098417
11_0,right,52,knee_outer,8.07073034990135,8.07073034990135,0.027384140658407056,-0.0018173458980153016,0.02744437839909032,0.302030586123778
11_0,right,52,ankle_inner,8.07073034990135,8.07073034990135,-0.011922031265823745,-0.0008866609488683393,0.011954957011278921,0.1315665678666209
11_0,right,52,ankle_outer,8.07073034990135,8.07073034990135,-0.011922031265823745,-0.0008866609488683393,0.011954957011278921,0.1315665678666209
68_0,left,53,femur_head,3.8380961527542743,-3.8380961527542743,-0.020453881821270073,0.0009039449799490241,0.02047384668510677,0.2235733503495821
68_0,left,53,knee_inner,3.8380961527542743,-3.8380961527542743,0.01690301018363622,-0.0007470166951701117,0.01691950907121636,0.18476016683634067
68_0,left,53,ost_point,3.8380961527542743,-3.8380961527542743,-0.00045332734290184223,-0.001603247888837245,0.0016661060809214784,0.01819379251386068
68_0,left,53,knee_outer,3.8380961527542743,-3.8380961527542743,0.0281716836393937,-0.0012450278252835196,0.028199181785360596,0.3079336113939011
68_0,left,53,ankle_inner,3.8380961527542743,-3.8380961527542743,-0.012083742329429003,0.001345673714670926,0.012158440131463843,0.13276953945315767
68_0,left,53,ankle_outer,3.8380961527542743,-3.8380961527542743,-0.012083742329429003,0.001345673714670926,0.012158440131463843,0.13276953945315767
68_0,right,54,femur_head,7.2857965989463045,7.2857965989463045,-0.02025258819175862,-0.0006688416792294931,0.02026362942951818,0.21847037260137162
68_0,right,54,knee_inner,7.2857965989463045,7.2857965989463045,0.01689941975269252,0.0005581032991128744,0.016908632921385888,0.18229880028963935
68_0,right,54,ost_point,7.2857965989463045,7.2857965989463045,-0.0008889549864416132,0.003038917732205398,0.0031662694059463427,0.03413682920325043
68_0,right,54,knee_outer,7.2857965989463045,7.2857965989463045,0.028165699587820864,0.0009301721651881241,0.028181054868976485,0.30383133381606564
68_0,right,54,ankle_inner,7.2857965989463045,7.2857965989463045,-0.011961788081156574,-0.0019291757586384515,0.012116356432781998,0.13063133204483643
68_0,right,54,ankle_outer,7.2857965989463045,7.2857965989463045,-0.011961788081156574,-0.0019291757586384515,0.012116356432781998,0.13063133204483643
8_0,left,55,femur_head,11.875787828702727,-11.875787828702727,-0.018051878937969734,-0.00010050842333560918,0.018052158738895378,0.20775942177312529
8_0,left,55,knee_inner,11.875787828702727,-11.875787828702727,0.015592562373905702,8.681555340297803e-05,0.01559280405586027,0.179455100153047
8_0,left,55,ost_point,11.875787828702727,-11.875787828702727,-0.001581756307145573,-0.004596048289581957,0.00486061857126889,0.05594008552842649
8_0,left,55,knee_outer,11.875787828702727,-11.875787828702727,0.02598760395650951,0.00014469258900496338,0.025988006759767122,0.29909183358841174
8_0,left,55,ankle_inner,11.875787828702727,-11.875787828702727,-0.010973265542649952,0.002232524285254812,0.011198067750900655,0.12887677947849477
8_0,left,55,ankle_outer,11.875787828702727,-11.875787828702727,-0.010973265542649952,0.002232524285254812,0.011198067750900655,0.12887677947849477
8_0,right,56,femur_head,11.9305617013612,11.9305617013612,-0.018006681508181122,0.0006322035929836126,0.018017776231268202,0.20863569692456482
8_0,right,56,knee_inner,11.9305617013612,11.9305617013612,0.015463484792992331,-0.0005429135091735566,0.015473012538660603,0.17916876717137267
8_0,right,56,ost_point,11.9305617013612,11.9305617013612,-0.0012845717196895527,0.004631935489924111,0.004806760955762694,0.05565958357363557
8_0,right,56,knee_outer,11.9305617013612,11.9305617013612,0.025772474654987214,-0.0009048558486225944,0.025788354231101,0.2986146119522877
8_0,right,56,ankle_inner,11.9305617013612,11.9305617013612,-0.010972353110054435,-0.0019081848625557864,0.01113704189816166,0.12896067018906962
8_0,right,56,ankle_outer,11.9305617013612,11.9305617013612,-0.010972353110054435,-0.0019081848625557864,0.01113704189816166,0.12896067018906962
43_0,left,57,femur_head,5.074139451396872,5.074139451396872,-0.01657084953541284,0.0010722009999472274,0.016605501176103654,0.21480060580155425
43_0,left,57,knee_inner,5.074139451396872,5.074139451396872,0.014071952394274154,-0.0009105122459839312,0.014101378540298986,0.1824085055290084
43_0,left,57,ost_point,5.074139451396872,5.074139451396872,0.000259627990498279,0.0018594079025490038,0.0018774462552925077,0.024285722467505537
43_0,left,57,knee_outer,5.074139451396872,5.074139451396872,0.023453253990456918,-0.0015175204099732186,0.023502297567164973,0.3040141758816806
43_0,left,57,ankle_inner,5.074139451396872,5.074139451396872,-0.010606992419908255,-0.0002517881232695407,0.01060998046440288,0.13724549516012563
43_0,left,57,ankle_outer,5.074139451396872,5.074139451396872,-0.010606992419908255,-0.0002517881232695407,0.01060998046440288,0.13724549516012563
43_0,right,58,femur_head,0.9806164148683169,-0.9806164148683169,-0.016843396309656745,-0.00032109526510022907,0.01684645664267202,0.22542612970320192
43_0,right,58,knee_inner,0.9806164148683169,-0.9806164148683169,0.013937648652572857,0.00026570134114851425,0.01394018103057683,0.18653661857443857
43_0,right,58,ost_point,0.9806164148683169,-0.9806164148683169,3.839176525921237e-05,-0.0003471178932973585,0.0003492345336402384,0.0046731838597920605
43_0,right,58,knee_outer,0.9806164148683169,-0.9806164148683169,0.023229414420954764,0.0004428355685808571,0.023233635050961387,0.31089436429073103
43_0,right,58,ankle_inner,0.9806164148683169,-0.9806164148683169,-0.010181029264565045,-2.0161875665891888e-05,0.010181049228206306,0.13623485178591813
43_0,right,58,ankle_outer,0.9806164148683169,-0.9806164148683169,-0.010181029264565045,-2.0161875665891888e-05,0.010181049228206306,0.13623485178591813
27_0,left,59,femur_head,13.385224601691027,-13.385224601691027,-0.019042297211522338,-0.001192883608038752,0.019079624063232457,0.2169543133912731
27_0,left,59,knee_inner,13.385224601691027,-13.385224601691027,0.015624272753421122,0.0009787652533752543,0.015654899568330435,0.1780117876432127
27_0,left,59,ost_point,13.385224601691027,-13.385224601691027,-0.0010608547480077009,-0.005129630447222706,0.0052381791990580755,0.05956331046071763
27_0,left,59,knee_outer,13.385224601691027,-13.385224601691027,0.026040454589035204,0.0016312754222920904,0.026091499280550722,0.29668631273868784
27_0,left,59,ankle_inner,13.385224601691027,-13.385224601691027,-0.010780787691463144,0.001856236689797057,0.010939424020347322,0.12439213788305437
27_0,left,59,ankle_outer,13.385224601691027,-13.385224601691027,-0.010780787691463144,0.001856236689797057,0.010939424020347322,0.12439213788305437
27_0,right,60,femur_head,11.255763378448988,11.255763378448988,-0.019154295919538145,0.0003749681837228389,0.019157965792641975,0.22018648983594777
27_0,right,60,knee_inner,11.255763378448988,11.255763378448988,0.015628218286548128,-0.000305941009283118,0.015631212579744366,0.17965278083622588
27_0,right,60,ost_point,11.255763378448988,11.255763378448988,-0.0010912518973779511,0.004261576440258947,0.0043990754096402,0.05055948963769043
27_0,right,60,knee_outer,11.255763378448988,11.255763378448988,0.026047030477580214,-0.00050990168213853,0.026052020966240607,0.2994213013937098
27_0,right,60,ankle_inner,11.255763378448988,11.255763378448988,-0.010714850473606123,-0.0019103509662800689,0.010883816494507087,0.12508996914821302
27_0,right,60,ankle_outer,11.255763378448988,11.255763378448988,-0.010714850473606123,-0.0019103509662800689,0.010883816494507087,0.12508996914821302
45_0,left,61,femur_head,10.676177758284268,-10.676177758284268,-0.019738382400293315,-0.00040270291437020055,0.019742489949787265,0.21166370946794738
45_0,left,61,knee_inner,10.676177758284268,-10.676177758284268,0.016772647973358926,0.00034219593498587345,0.016776138354703148,0.17986078168130148
45_0,left,61,ost_point,10.676177758284268,-10.676177758284268,-0.001158740924400433,-0.004487260353425815,0.004634456387679956,0.04968705735085525
45_0,left,61,knee_outer,10.676177758284268,-10.676177758284268,0.027954413288931546,0.0005703265583097889,0.02796023059117192,0.2997679694688359
45_0,left,61,ankle_inner,10.676177758284268,-10.676177758284268,-0.011914968968798362,0.0019887203872501766,0.012079796948048937,0.12951024101553002
45_0,left,61,ankle_outer,10.676177758284268,-10.676177758284268,-0.011914968968798362,0.0019887203872501766,0.012079796948048937,0.12951024101553002
45_0,right,62,femur_head,4.487535410332823,4.487535410332823,-0.019443283715447943,-0.0010465029133613973,0.019471426501082995,0.21694135005970616
45_0,right,62,knee_inner,4.487535410332823,4.487535410332823,0.01651367637012651,0.000888821594364443,0.016537578755183094,0.18425381733940188
45_0,right,62,ost_point,4.487535410332823,4.487535410332823,-0.0005680505227731794,0.00186250772615212,0.0019472073403721606,0.02169485575404611
45_0,right,62,knee_outer,4.487535410332823,4.487535410332823,0.02752279395021085,0.0014813693239407383,0.027562631258638493,0.30708969556566984
45_0,right,62,ankle_inner,4.487535410332823,4.487535410332823,-0.01201256804105812,-0.001593097865547952,0.012117745324533948,0.13501014064058797
45_0,right,62,ankle_outer,4.487535410332823,4.487535410332823,-0.01201256804105812,-0.001593097865547952,0.012117745324533948,0.13501014064058797
29_0,left,63,femur_head,2.7383067675312662,2.7383067675312662,-0.02090048916591799,0.0005255549581163353,0.02090709581430802,0.23038643097779038
29_0,left,63,knee_inner,2.7383067675312662,2.7383067675312662,0.016770086036161865,-0.0004216935687186954,0.016775387063378593,0.184856930303914
29_0,left,63,ost_point,2.7383067675312662,2.7383067675312662,0.00013486126656617192,0.0011378598848664748,0.001145824017381456,0.012626445501459263
29_0,left,63,knee_outer,2.7383067675312662,2.7383067675312662,0.02795014339360311,-0.000702822614531159,0.027958978438964322,0.30809488383985667
29_0,left,63,ankle_inner,2.7383067675312662,2.7383067675312662,-0.011977300765206578,-0.00026944932986647783,0.011980331237556981,0.13201765468848983
29_0,left,63,ankle_outer,2.7383067675312662,2.7383067675312662,-0.011977300765206578,-0.00026944932986647783,0.011980331237556981,0.13201765468848983
29_0,right,64,femur_head,6.768223037578897,6.768223037578897,-0.019448546066893287,-0.0006410245683964516,0.01945910729230296,0.2190543301376038
29_0,right,64,knee_inner,6.768223037578897,6.768223037578897,0.016225357748542796,0.0005347882002111585,0.016234168672503154,0.18275067249887103
29_0,right,64,ost_point,6.768223037578897,6.768223037578897,-0.0008303720535734783,0.0027053672277371705,0.002829934554768032,0.03185703274647004
29_0,right,64,knee_outer,6.768223037578897,6.768223037578897,0.027042262914237992,0.0008913136670185975,0.027056947787505257,0.304584454164785
29_0,right,64,ankle_inner,6.768223037578897,6.768223037578897,-0.011494351271157012,-0.0017452222632852374,0.011626087557429424,0.13087675522613498
29_0,right,64,ankle_outer,6.768223037578897,6.768223037578897,-0.011494351271157012,-0.0017452222632852374,0.011626087557429424,0.13087675522613498
37_0,left,65,femur_head,1.8527022965390123,-1.8527022965390123,-0.017562500478088244,0.000784754672107112,0.01758002454316386,0.22643380715195235
37_0,left,65,knee_inner,1.8527022965390123,-1.8527022965390123,0.01443399939589924,-0.0006449621725138405,0.01444840180659416,0.18609795568234594
37_0,left,65,ost_point,1.8527022965390123,-1.8527022965390123,-0.00014220285415261769,-0.0006669904872475063,0.0006819809101491159,0.008784034033107579
37_0,left,65,knee_outer,1.8527022965390123,-1.8527022965390123,0.024056665659832062,-0.0010749369541897342,0.02408066967765693,0.31016325947057655
37_0,left,65,ankle_inner,1.8527022965390123,-1.8527022965390123,-0.01039298086174522,0.0008010674709219845,0.010423807379531327,0.13426047183100878
37_0,left,65,ankle_outer,1.8527022965390123,-1.8527022965390123,-0.01039298086174522,0.0008010674709219845,0.010423807379531327,0.13426047183100878
37_0,right,66,femur_head,2.8004993540623166,2.8004993540623166,-0.017714651346108078,-0.0010215604445709139,0.01774408233908084,0.2270571862303855
37_0,right,66,knee_inner,2.8004993540623166,2.8004993540623166,0.014469525355688323,0.000834421997152915,0.014493564919930499,0.18546284931956145
37_0,right,66,ost_point,2.8004993540623166,2.8004993540623166,-0.0002644824150702073,0.0009965981102609007,0.0010310958933372628,0.013194130178218733
37_0,right,66,knee_outer,2.8004993540623166,2.8004993540623166,0.024115875592813876,0.0013907033285881915,0.0241559415332175,0.3091047488659358
37_0,right,66,ankle_inner,2.8004993540623166,2.8004993540623166,-0.010303133593661957,-0.0011000814957155467,0.010361695862457134,0.13259054270294918
37_0,right,66,ankle_outer,2.8004993540623166,2.8004993540623166,-0.010303133593661957,-0.0011000814957155467,0.010361695862457134,0.13259054270294918
65_0,left,67,femur_head,4.3995098803284645,-4.3995098803284645,-0.01721499163788277,0.0007672123298432457,0.01723207915056791,0.2164783600459897
65_0,left,67,knee_inner,4.3995098803284645,-4.3995098803284645,0.014647663732821559,-0.0006527954503613433,0.014662202928954041,0.18419423547139824
65_0,left,67,ost_point,4.3995098803284645,-4.3995098803284645,-0.0004219100455632868,-0.0016352255351971161,0.0016887778532145398,0.02121530762199536
65_0,left,67,knee_outer,4.3995098803284645,-4.3995098803284645,0.02441277288803593,-0.0010879924172689055,0.024437004881590067,0.3069903924523304
65_0,left,67,ankle_inner,4.3995098803284645,-4.3995098803284645,-0.010711767468705715,0.0013044005364920596,0.010790895378198365,0.13556085220414307
65_0,left,67,ankle_outer,4.3995098803284645,-4.3995098803284645,-0.010711767468705715,0.0013044005364920596,0.010790895378198365,0.13556085220414307
65_0,right,68,femur_head,10.437673565866373,10.437673565866373,-0.017276180520598153,0.000993329634227437,0.017304713726107392,0.21216514593605193
65_0,right,68,knee_inner,10.437673565866373,10.437673565866373,0.014605322430936398,-0.0008397631392423957,0.014629444467977728,0.17936489846862433
65_0,right,68,ost_point,10.437673565866373,10.437673565866373,-0.0005190777999915033,0.0038940844157416823,0.003928528375787332,0.04816588181434951
65_0,right,68,knee_outer,10.437673565866373,10.437673565866373,0.02434220405156066,-0.0013996052320706595,0.024382407446629544,0.2989414974477072
65_0,right,68,ankle_inner,10.437673565866373,10.437673565866373,-0.010576134080953701,-0.0013240228393280322,0.010658688877032328,0.13068128816663346
65_0,right,68,ankle_outer,10.437673565866373,10.437673565866373,-0.010576134080953701,-0.0013240228393280322,0.010658688877032328,0.13068128816663346
25_0,left,69,femur_head,16.673570506270032,-16.673570506270032,-0.01939738262954721,-0.0014718056407380187,0.019453140227767035,0.21153847410432428
25_0,left,69,knee_inner,16.673570506270032,-16.673570506270032,0.01613658349848996,0.001224387592331159,0.01618296795955529,0.17597777575042178
25_0,left,69,ost_point,16.673570506270032,-16.673570506270032,-0.0015845679885736902,-0.00659849351094117,0.006786086672327815,0.07379366020067478
25_0,left,69,knee_outer,16.673570506270032,-16.673570506270032,0.026894305830816596,0.002040645987218598,0.026971613265925475,0.2932962929173695
25_0,left,69,ankle_inner,16.673570506270032,-16.673570506270032,-0.011024469355592828,0.002402632786064716,0.01128324283515508,0.12269689851360482
25_0,left,69,ankle_outer,16.673570506270032,-16.673570506270032,-0.011024469355592828,0.002402632786064716,0.01128324283515508,0.12269689851360482
25_0,right,70,femur_head,3.564593942614491,3.564593942614491,-0.01850402061479181,-0.0009758050256127298,0.018529732171854274,0.22049467243730694
25_0,right,70,knee_inner,3.564593942614491,3.564593942614491,0.01551623365189779,0.0008182448069691353,0.015537793643385067,0.18489207982188657
25_0,right,70,ost_point,3.564593942614491,3.564593942614491,-0.0003859623116587961,0.001385031401110924,0.001437803494252358,0.01710915233712544
25_0,right,70,knee_outer,3.564593942614491,3.564593942614491,0.025860389419829648,0.0013637413449485588,0.02589632273897511,0.30815346636981095
25_0,right,70,ankle_inner,3.564593942614491,3.564593942614491,-0.011243320072638415,-0.0012956062637079443,0.011317722467279058,0.1346753145169351
25_0,right,70,ankle_outer,3.564593942614491,3.564593942614491,-0.011243320072638415,-0.0012956062637079443,0.011317722467279058,0.1346753145169351
55_0,left,71,femur_head,11.087624241270968,-11.087624241270968,-0.017134652300719203,-0.00012397711518625257,0.0171351008106644,0.21304088805252674
55_0,left,71,knee_inner,11.087624241270968,-11.087624241270968,0.01445910210209985,0.00010461827502193188,0.014459480577891341,0.1797748736427067
55_0,left,71,ost_point,11.087624241270968,-11.087624241270968,-0.0011687940239529238,-0.003959978683417429,0.004128863117560147,0.051334198434647635
55_0,left,71,knee_outer,11.087624241270968,-11.087624241270968,0.02409850350349975,0.00017436379170321983,0.024099134296485566,0.29962478940451115
55_0,left,71,ankle_inner,11.087624241270968,-11.087624241270968,-0.010127079640463737,0.0019024868659392648,0.010304232058691541,0.12811262523280384
55_0,left,71,ankle_outer,11.087624241270968,-11.087624241270968,-0.010127079640463737,0.0019024868659392648,0.010304232058691541,0.12811262523280384
55_0,right,72,femur_head,14.809083809236157,14.809083809236157,-0.016994237501769274,0.001199018494658075,0.017036483017837726,0.21076995453778258
55_0,right,72,knee_inner,14.809083809236157,14.809083809236157,0.014269328246336525,-0.0010067641147137743,0.014304799984074325,0.1769744400389797
55_0,right,72,ost_point,14.809083809236157,14.809083809236157,-0.0011496606853957925,0.0052605918194282815,0.005384751246081891,0.06661843140662464
55_0,right,72,knee_outer,14.809083809236157,14.809083809236157,0.023782213743894207,-0.0016779401911896242,0.02384133330679054,0.2949574000649661
55_0,right,72,ankle_inner,14.809083809236157,14.809083809236157,-0.009953821901532833,-0.001887453004091479,0.01013119189878904,0.1253398869758235
55_0,right,72,ankle_outer,14.809083809236157,14.809083809236157,-0.009953821901532833,-0.001887453004091479,0.01013119189878904,0.1253398869758235
5_0,left,73,femur_head,6.326226568174468,-6.326226568174468,-0.018108884512501103,0.0008912607717373967,0.018130803734262315,0.21615518121000848
5_0,left,73,knee_inner,6.326226568174468,-6.326226568174468,0.015342242338384594,-0.0007550955851118983,0.015360812781632887,0.18313138893409153
5_0,left,73,ost_point,6.326226568174468,-6.326226568174468,-0.0008446235766079689,-0.0024014042964459973,0.0025456102571193677,0.03034872885297829
5_0,left,73,knee_outer,6.326226568174468,-6.326226568174468,0.025570403897307654,-0.0012584926418531637,0.02560135463605481,0.3052189815568192
5_0,left,73,ankle_inner,6.326226568174468,-6.326226568174468,-0.010979569073291588,0.0017618658758368313,0.011120031852455251,0.13257285972305122
5_0,left,73,ankle_outer,6.326226568174468,-6.326226568174468,-0.010979569073291588,0.0017618658758368313,0.011120031852455251,0.13257285972305122
5_0,right,74,femur_head,9.362306005425898,9.362306005425898,-0.018253783944946738,0.0002478217893029214,0.018255466138886966,0.21185351531391375
5_0,right,74,knee_inner,9.362306005425898,9.362306005425898,0.015580816499757864,-0.00021153235052063835,0.01558225236396984,0.18083104067025618
5_0,right,74,ost_point,9.362306005425898,9.362306005425898,-0.0009822395681847902,0.0036695206154288935,0.003798707163807904,0.04408375333602511
5_0,right,74,knee_outer,9.362306005425898,9.362306005425898,0.025968027499596445,-0.0003525539175343973,0.025970420606616404,0.30138506778376034
5_0,right,74,ankle_inner,9.362306005425898,9.362306005425898,-0.01115641024311139,-0.0016766280683383895,0.011281691858588449,0.13092331144802233
5_0,right,74,ankle_outer,9.362306005425898,9.362306005425898,-0.01115641024311139,-0.0016766280683383895,0.011281691858588449,0.13092331144802233
53_0,left,75,femur_head,2.3287409754447097,-2.3287409754447097,-0.01765665583412514,0.0005400951498674565,0.017664914322341213,0.2258886230732787
53_0,left,75,knee_inner,2.3287409754447097,-2.3287409754447097,0.014520379963478314,-0.00044416037024124356,0.014527171531935435,0.18576499804179705
53_0,left,75,ost_point,2.3287409754447097,-2.3287409754447097,-0.00018165186484433646,-0.0008428898163654428,0.0008622416381351546,0.011025843252942789
53_0,left,75,knee_outer,2.3287409754447097,-2.3287409754447097,0.02420063327246386,-0.0007402672837354058,0.024211952553225728,0.3096083300696618
53_0,left,75,ankle_inner,2.3287409754447097,-2.3287409754447097,-0.010441352768486348,0.0007436111602373178,0.010467798488393203,0.1338561027811599
53_0,left,75,ankle_outer,2.3287409754447097,-2.3287409754447097,-0.010441352768486348,0.0007436111602373178,0.010467798488393203,0.1338561027811599
53_0,right,76,femur_head,6.805670533292687,6.805670533292687,-0.017637421680719044,-0.00010960186241870329,0.017637762219503465,0.22091898848661012
53_0,right,76,knee_inner,6.805670533292687,6.805670533292687,0.014578667527494853,9.059425700204537e-05,0.014578949008643753,0.1826063095819485
53_0,right,76,ost_point,6.805670533292687,6.805670533292687,-0.0006034675012422178,0.002453191699933667,0.0025263258977572473,0.031643093663146694
53_0,right,76,knee_outer,6.805670533292687,6.805670533292687,0.024297779212491422,0.0001509904283367423,0.02429824834773959,0.30434384930324754
53_0,right,76,ankle_inner,6.805670533292687,6.805670533292687,-0.010317778779012507,-0.0012925872614268758,0.01039842972573474,0.1302438794825236
53_0,right,76,ankle_outer,6.805670533292687,6.805670533292687,-0.010317778779012507,-0.0012925872614268758,0.01039842972573474,0.1302438794825236
72_0,left,77,femur_head,5.589459171215461,-5.589459171215461,-0.01963733399623006,0.00042075556171838543,0.019641841098079628,0.22164214841017857
72_0,left,77,knee_inner,5.589459171215461,-5.589459171215461,0.01624367537158508,-0.0003480419876065908,0.01624740357111181,0.18333869088985288
72_0,left,77,ost_point,5.589459171215461,-5.589459171215461,-0.0005074510233542412,-0.0022588512596778366,0.0023151491430254373,0.026124568841986537
72_0,left,77,knee_outer,5.589459171215461,-5.589459171215461,0.02707279228597513,-0.0005800699793443179,0.027079005951853016,0.30556448481642146
72_0,left,77,ankle_inner,5.589459171215461,-5.589459171215461,-0.011585841318987955,0.00138310383245518,0.011668105899421756,0.13166505352078034
72_0,left,77,ankle_outer,5.589459171215461,-5.589459171215461,-0.011585841318987955,0.00138310383245518,0.011668105899421756,0.13166505352078034
72_0,right,78,femur_head,3.900025173077589,3.900025173077589,-0.019418706688520734,-0.0007287830459695389,0.019432377471192055,0.22198039155722463
72_0,right,78,knee_inner,3.900025173077589,3.900025173077589,0.016147222529988126,0.0006060044166746287,0.016158590185594325,0.18458318760678757
72_0,right,78,ost_point,3.900025173077589,3.900025173077589,-0.0003701277172487548,0.0015757233442520431,0.0016186100780288676,0.01848974472794024
72_0,right,78,knee_outer,3.900025173077589,3.900025173077589,0.026912037549980214,0.0010100073611243809,0.026930983642657214,0.3076386460113127
72_0,right,78,ankle_inner,3.900025173077589,3.900025173077589,-0.011635212837099425,-0.0012314760380407568,0.011700201322920552,0.13365401504836757
72_0,right,78,ankle_outer,3.900025173077589,3.900025173077589,-0.011635212837099425,-0.0012314760380407568,0.011700201322920552,0.13365401504836757
14_0,left,79,femur_head,0.6443422253984976,0.6443422253984976,-0.020132726351695853,0.0008987013752659685,0.020152774858916415,0.22035184147463754
14_0,left,79,knee_inner,0.6443422253984976,0.6443422253984976,0.017068490982558283,-0.0007619174895529147,0.017085488072705445,0.18681391449415663
14_0,left,79,ost_point,0.6443422253984976,0.6443422253984976,5.709636765086068e-05,0.0002829294622737695,0.000288633116293759,0.003155934561426085
14_0,left,79,knee_outer,0.6443422253984976,0.6443422253984976,0.028447484970930477,-0.0012698624825881913,0.028475813454509082,0.3113565241569278
14_0,left,79,ankle_inner,0.6443422253984976,0.6443422253984976,-0.012720172984721884,0.00042507456730068397,0.01272727343734762,0.139160892656426
14_0,left,79,ankle_outer,0.6443422253984976,0.6443422253984976,-0.012720172984721884,0.00042507456730068397,0.01272727343734762,0.139160892656426
14_0,right,80,femur_head,1.1806799162555828,-1.1806799162555828,-0.020088481002896907,-0.0012824283203704903,0.020129373845220278,0.22021852488244895
14_0,right,80,knee_inner,1.1806799162555828,-1.1806799162555828,0.016989170269142307,0.0010845714561296361,0.017023754041848704,0.18624255438267082
14_0,right,80,ost_point,1.1806799162555828,-1.1806799162555828,0.00011366228513635598,-0.0005146067036643706,0.0005270096531551653,0.0057655687310015045
14_0,right,80,knee_outer,1.1806799162555828,-1.1806799162555828,0.028315283781903847,0.0018076190935493938,0.028372923403081174,0.31040425730445137
14_0,right,80,ankle_inner,1.1806799162555828,-1.1806799162555828,-0.012664817666642802,-0.0005475777628220845,0.012676649712587505,0.13868454734971372
14_0,right,80,ankle_outer,1.1806799162555828,-1.1806799162555828,-0.012664817666642802,-0.0005475777628220845,0.012676649712587505,0.13868454734971372
56_0,left,81,femur_head,0.4566892793750851,-0.4566892793750851,-0.015161080367617725,0.00018997246294254224,0.015162270524233502,0.2286872501050709
56_0,left,81,knee_inner,0.4566892793750851,-0.4566892793750851,0.012406396352496928,-0.00015545552257339242,0.012407370264272265,0.18713604814245263
56_0,left,81,ost_point,0.4566892793750851,-0.4566892793750851,-1.694759783513189e-05,-0.00014228691016101897,0.00014329265813554877,0.002161233299253592
56_0,left,81,knee_outer,0.4566892793750851,-0.4566892793750851,0.02067732725416154,-0.0002590925376223206,0.020678950440453772,0.31189341357075434
56_0,left,81,ankle_inner,0.4566892793750851,-0.4566892793750851,-0.008952847820602806,0.0001834312537070949,0.00895472674757354,0.13506102744123424
56_0,left,81,ankle_outer,0.4566892793750851,-0.4566892793750851,-0.008952847820602806,0.0001834312537070949,0.00895472674757354,0.13506102744123424
56_0,right,82,femur_head,3.057650004281137,-3.057650004281137,-0.01535044087495636,0.00027627244099711576,0.0153529268062212,0.2294294519550177
56_0,right,82,knee_inner,3.057650004281137,-3.057650004281137,0.012361259771165325,-0.0002224740929982575,0.012363261618694544,0.18475280794045146
56_0,right,82,ost_point,3.057650004281137,-3.057650004281137,-1.6101579828481372e-06,-0.0009401115370739949,0.0009401129159565669,0.014048760461513345
56_0,right,82,knee_outer,3.057650004281137,-3.057650004281137,0.02060209961860887,-0.00037079015499709574,0.020605436031157567,0.30792134656741904
56_0,right,82,ankle_inner,3.057650004281137,-3.057650004281137,-0.008805654178417494,0.0006285516720361162,0.008828058830473485,0.13192381653779928
56_0,right,82,ankle_outer,3.057650004281137,-3.057650004281137,-0.008805654178417494,0.0006285516720361162,0.008828058830473485,0.13192381653779928
52_0,left,83,femur_head,10.739554204946927,-10.739554204946927,-0.019491768640071527,4.995335478496982e-05,0.019491832650003184,0.20616015972490875
52_0,left,83,knee_inner,10.739554204946927,-10.739554204946927,0.01701507764603652,-4.360611015046155e-05,0.01701513352264666,0.17996474255430836
52_0,left,83,ost_point,10.739554204946927,-10.739554204946927,-0.0014856964169256727,-0.004608075992416,0.0048416586202608795,0.05120899262832021
52_0,left,83,knee_outer,10.739554204946927,-10.739554204946927,0.028358462743394194,-7.267685025076927e-05,0.028358555871077763,0.2999412375905139
52_0,left,83,ankle_inner,10.739554204946927,-10.739554204946927,-0.012198037666216757,0.00233720279901613,0.012419929139498808,0.1313624337509744
52_0,left,83,ankle_outer,10.739554204946927,-10.739554204946927,-0.012198037666216757,0.00233720279901613,0.012419929139498808,0.1313624337509744
52_0,right,84,femur_head,12.491284261100766,12.491284261100766,-0.019706773772798235,0.0009133876696936208,0.01972792968274666,0.20749667497195853
52_0,right,84,knee_inner,12.491284261100766,12.491284261100766,0.016956758639747188,-0.0007859274398782849,0.01697496231239983,0.17854119992518555
52_0,right,84,ost_point,12.491284261100766,12.491284261100766,-0.0013064614896040536,0.005361586365440237,0.005518464458333775,0.058042736590683396
52_0,right,84,knee_outer,12.491284261100766,12.491284261100766,0.028261264399578642,-0.0013098790664638083,0.02829160385399971,0.29756866654197583
52_0,right,84,ankle_inner,12.491284261100766,12.491284261100766,-0.01210239388846177,-0.0020895837643958824,0.012281461563670005,0.12917536098509835
52_0,right,84,ankle_outer,12.491284261100766,12.491284261100766,-0.01210239388846177,-0.0020895837643958824,0.012281461563670005,0.12917536098509835
22_0,left,85,femur_head,11.294967766566621,-11.294967766566621,-0.020095941702702402,0.000258560327330716,0.02009760499067695,0.20976036265037082
22_0,left,85,knee_inner,11.294967766566621,-11.294967766566621,0.01722410392647745,-0.00022161041344031168,0.01722552952003047,0.1797842738297622
22_0,left,85,ost_point,11.294967766566621,-11.294967766566621,-0.0016789516928523533,-0.00479950785100315,0.005084698063678182,0.05306941350969644
22_0,left,85,knee_outer,11.294967766566621,-11.294967766566621,0.028706839877462417,-0.00036935068906718613,0.028709215866717448,0.29964045638293696
22_0,left,85,ankle_inner,11.294967766566621,-11.294967766566621,-0.012078025204192556,0.002565954313089966,0.01234758334128487,0.12887274681361682
22_0,left,85,ankle_outer,11.294967766566621,-11.294967766566621,-0.012078025204192556,0.002565954313089966,0.01234758334128487,0.12887274681361682
22_0,right,86,femur_head,18.413223661351406,18.413223661351406,-0.020005329122694412,0.0016720343095565477,0.020075081370685883,0.20127016508413167
22_0,right,86,knee_inner,18.413223661351406,18.413223661351406,0.017340102282871667,-0.0014492761288936134,0.017400561728813012,0.17445577764027576
22_0,right,86,ost_point,18.413223661351406,18.413223661351406,-0.0019702816757940778,0.008063401696146322,0.008300629903530534,0.08322104006140776
22_0,right,86,knee_outer,18.413223661351406,18.413223661351406,0.028900170471452775,-0.0024154602148226895,0.02900093621468835,0.2907596294004595
22_0,right,86,ankle_inner,18.413223661351406,18.413223661351406,-0.012132330977917976,-0.0029353498309932836,0.012482376920605323,0.12514669390686273
22_0,right,86,ankle_outer,18.413223661351406,18.413223661351406,-0.012132330977917976,-0.0029353498309932836,0.012482376920605323,0.12514669390686273
4_0,left,87,femur_head,3.1307320479540657,-3.1307320479540657,-0.019613848249681372,0.0010947192534332296,0.01964437459949709,0.21720379948575413
4_0,left,87,knee_inner,3.1307320479540657,-3.1307320479540657,0.016721148911699284,-0.0009332673231760454,0.016747173159185114,0.18517004053231456
4_0,left,87,ost_point,3.1307320479540657,-3.1307320479540657,-0.00036748468722359873,-0.0013300842522152513,0.0013799163428754768,0.015257450479116466
4_0,left,87,knee_outer,3.1307320479540657,-3.1307320479540657,0.02786858151949881,-0.0015554455386267423,0.027911955265308524,0.3086167342205243
4_0,left,87,ankle_inner,3.1307320479540657,-3.1307320479540657,-0.01230419874714656,0.0013620389302924046,0.01237935607602088,0.13687598764114525
4_0,left,87,ankle_outer,3.1307320479540657,-3.1307320479540657,-0.01230419874714656,0.0013620389302924046,0.01237935607602088,0.13687598764114525
4_0,right,88,femur_head,2.6540761853455628,2.6540761853455628,-0.019700603408780326,-0.000146439916139208,0.01970114766502413,0.2172624667401039
4_0,right,88,knee_inner,2.6540761853455628,2.6540761853455628,0.016813020747207953,0.00012497573283316637,0.016813485230012314,0.18541758773048128
4_0,right,88,ost_point,2.6540761853455628,2.6540761853455628,-0.00019633445726245993,0.001151619403735271,0.0011682356227097877,0.012883196321308266
4_0,right,88,knee_outer,2.6540761853455628,2.6540761853455628,0.028021701245346586,0.00020829288805527727,0.028022475383353854,0.30902931288413543
4_0,right,88,ankle_inner,2.6540761853455628,2.6540761853455628,-0.012468892063255877,-0.0006692240542422532,0.01248683827555646,0.13770371816198548
4_0,right,88,ankle_outer,2.6540761853455628,2.6540761853455628,-0.012468892063255877,-0.0006692240542422532,0.01248683827555646,0.13770371816198548
51_0,left,89,femur_head,11.046231548055568,-11.046231548055568,-0.02171485629895189,-0.0006041431901983343,0.021723258804295306,0.21130053629926895
51_0,left,89,knee_inner,11.046231548055568,-11.046231548055568,0.018455091739874988,0.0005134511527791761,0.0184622328880743,0.17958077771281472
51_0,left,89,ost_point,11.046231548055568,-11.046231548055568,-0.0012779437659182283,-0.005115128181869153,0.0052723501956718774,0.05128376151752811
51_0,left,89,knee_outer,11.046231548055568,-11.046231548055568,0.03075848623312498,0.0008557519212986267,0.0307703881467905,0.29930129618802453
51_0,left,89,ankle_inner,11.046231548055568,-11.046231548055568,-0.013110388954064925,0.0021750341489948422,0.013289585097969061,0.12926681414118193
51_0,left,89,ankle_outer,11.046231548055568,-11.046231548055568,-0.013110388954064925,0.0021750341489948422,0.013289585097969061,0.12926681414118193
51_0,right,90,femur_head,13.389926729646705,13.389926729646705,-0.021505451114948775,0.00150348052147033,0.021557942418883397,0.21029234931379018
51_0,right,90,knee_inner,13.389926729646705,13.389926729646705,0.018185280774902238,-0.0012713620968187495,0.01822966808373801,0.1778258636214711
51_0,right,90,ost_point,13.389926729646705,13.389926729646705,-0.0012433668493046779,0.006126803526981086,0.006251694376741214,0.060983718767387625
51_0,right,90,knee_outer,13.389926729646705,13.389926729646705,0.030308801291503734,-0.0021189368280312487,0.03038278013956336,0.29637643936911856
51_0,right,90,ankle_inner,13.389926729646705,13.389926729646705,-0.01287263205107626,-0.0021199925618007086,0.01304603481462801,0.12726081446411625
51_0,right,90,ankle_outer,13.389926729646705,13.389926729646705,-0.01287263205107626,-0.0021199925618007086,0.01304603481462801,0.12726081446411625
17_0,left,91,femur_head,4.14467199423715,-4.14467199423715,-0.01687259502851511,0.00012727706766001468,0.01687307507386324,0.2256752977060756
17_0,left,91,knee_inner,4.14467199423715,-4.14467199423715,0.013786172341590786,-0.00010399488560756942,0.013786564574551389,0.1843936005195266
17_0,left,91,ost_point,4.14467199423715,-4.14467199423715,-0.0002654091325669794,-0.001417536217641787,0.0014421688306076167,0.019288830208190347
17_0,left,91,knee_outer,4.14467199423715,-4.14467199423715,0.022976953902651313,-0.00017332480934594907,0.022977607624252317,0.3073226675325444
17_0,left,91,ankle_inner,4.14467199423715,-4.14467199423715,-0.009812561041580004,0.0007837894224676454,0.009843814304095025,0.13165980201683158
17_0,left,91,ankle_outer,4.14467199423715,-4.14467199423715,-0.009812561041580004,0.0007837894224676454,0.009843814304095025,0.13165980201683158
17_0,right,92,femur_head,4.953904223104386,4.953904223104386,-0.0166892800444516,-0.0005403873460449796,0.016698026436854623,0.22386523589655258
17_0,right,92,knee_inner,4.953904223104386,4.953904223104386,0.013709287284874687,0.00044389724136150116,0.013716471945078119,0.18389246413432853
17_0,right,92,ost_point,4.953904223104386,4.953904223104386,-0.0004187297928721738,0.0016750337696113777,0.001726578341337941,0.023147697671887558
17_0,right,92,knee_outer,4.953904223104386,4.953904223104386,0.022848812141457814,0.0007398287356025019,0.0228607865751302,0.3064874402238809
17_0,right,92,ankle_inner,4.953904223104386,4.953904223104386,-0.009725044794504364,-0.0011591862002652007,0.009793886302280709,0.1313035810366752
17_0,right,92,ankle_outer,4.953904223104386,4.953904223104386,-0.009725044794504364,-0.0011591862002652007,0.009793886302280709,0.1313035810366752
24_0,left,93,femur_head,6.330724574305267,-6.330724574305267,-0.020373042405832414,0.000477908344887618,0.02037864699277062,0.2225977696563269
24_0,left,93,knee_inner,6.330724574305267,-6.330724574305267,0.016748789704038432,-0.0003928910668755238,0.016753397265645387,0.182998845155031
24_0,left,93,ost_point,6.330724574305267,-6.330724574305267,-0.0007019413832778966,-0.002601142710140744,0.0026941909925015375,0.029428887313851633
24_0,left,93,knee_outer,6.330724574305267,-6.330724574305267,0.02791464950673072,-0.0006548184447925395,0.027922328776075648,0.304998075258385
24_0,left,93,ankle_inner,6.330724574305267,-6.330724574305267,-0.01179422771082942,0.0015854719384605946,0.011900316321953068,0.12998821130820268
24_0,left,93,ankle_outer,6.330724574305267,-6.330724574305267,-0.01179422771082942,0.0015854719384605946,0.011900316321953068,0.12998821130820268
24_0,right,94,femur_head,5.111289594016012,5.111289594016012,-0.02020187543960243,-9.913447284570652e-05,0.02020211867406283,0.2211965406170091
24_0,right,94,knee_inner,5.111289594016012,5.111289594016012,0.01677757156217264,8.2330757726909e-05,0.016777773567356664,0.1837027854469304
24_0,right,94,ost_point,5.111289594016012,5.111289594016012,-0.0004502615002898447,0.0021469909371708536,0.0021936967664052936,0.024019170648401315
24_0,right,94,knee_outer,5.111289594016012,5.111289594016012,0.02796261927028773,0.00013721792954484835,0.027962955945594437,0.30617130907821727
24_0,right,94,ankle_inner,5.111289594016012,5.111289594016012,-0.012044026946284049,-0.0011337025757984522,0.012097266906751638,0.13245509710472095
24_0,right,94,ankle_outer,5.111289594016012,5.111289594016012,-0.012044026946284049,-0.0011337025757984522,0.012097266906751638,0.13245509710472095
38_0,left,95,femur_head,8.244554976910628,-8.244554976910628,-0.018037692822946958,-7.730136781168336e-05,0.018037858461482,0.21353922122814178
38_0,left,95,knee_inner,8.244554976910628,-8.244554976910628,0.015328204167136258,6.568972871680119e-05,0.015328344924677035,0.18146294056589166
38_0,left,95,ost_point,8.244554976910628,-8.244554976910628,-0.00077784496768964,-0.003188825539197143,0.0032823240414675764,0.03885743538403431
38_0,left,95,knee_outer,8.244554976910628,-8.244554976910628,0.0255470069452271,0.00010948288119466866,0.025547241541128394,0.30243823427648614
38_0,left,95,ankle_inner,8.244554976910628,-8.244554976910628,-0.011029836660863379,0.001545477148548678,0.01113758485408807,0.13185108427272305
38_0,left,95,ankle_outer,8.244554976910628,-8.244554976910628,-0.011029836660863379,0.001545477148548678,0.01113758485408807,0.13185108427272305
38_0,right,96,femur_head,5.715741242489184,5.715741242489184,-0.017886802235738415,-0.00012542376866364383,0.017887241971365025,0.21650476211264733
38_0,right,96,knee_inner,5.715741242489184,5.715741242489184,0.015142531715157559,0.00010618071188985814,0.015142903984643434,0.18328766559642473
38_0,right,96,ost_point,5.715741242489184,5.715741242489184,-0.0005184434084691374,0.00218953135235453,0.00225007357895882,0.027234586848452882
38_0,right,96,knee_outer,5.715741242489184,5.715741242489184,0.025237552858595927,0.0001769678531497636,0.025238173307739052,0.30547944266070787
38_0,right,96,ankle_inner,5.715741242489184,5.715741242489184,-0.010987419464772967,-0.0011736280743652539,0.01104992259483342,0.13374677139088362
38_0,right,96,ankle_outer,5.715741242489184,5.715741242489184,-0.010987419464772967,-0.0011736280743652539,0.01104992259483342,0.13374677139088362
33_0,left,97,femur_head,1.5444942646517692,-1.5444942646517692,-0.016646906102351283,0.00140865317046017,0.016706399568283643,0.21661694820387392
33_0,left,97,knee_inner,1.5444942646517692,-1.5444942646517692,0.014320740637326194,-0.0012118141700371591,0.014371920747912183,0.18634784829107937
33_0,left,97,ost_point,1.5444942646517692,-1.5444942646517692,-0.00017354733058375788,-0.0005653650891233536,0.0005914020290396421,0.007668181415662586
33_0,left,97,knee_outer,1.5444942646517692,-1.5444942646517692,0.02386790106221032,-0.0020196902833952654,0.023953201246520305,0.3105797471517989
33_0,left,97,ankle_inner,1.5444942646517692,-1.5444942646517692,-0.010684094133300737,0.001194108186047804,0.010750616810640103,0.1393936374687926
33_0,left,97,ankle_outer,1.5444942646517692,-1.5444942646517692,-0.010684094133300737,0.001194108186047804,0.010750616810640103,0.1393936374687926
33_0,right,98,femur_head,1.6218632140427307,1.6218632140427307,-0.016614502751647716,-0.0004417082422993922,0.01662037327666935,0.21617452591523156
33_0,right,98,knee_inner,1.6218632140427307,1.6218632140427307,0.014312713183347644,0.0003805135475465764,0.014317770400053212,0.1862254942696985
33_0,right,98,ost_point,1.6218632140427307,1.6218632140427307,-0.00011602420995139237,0.000602956642500567,0.0006140181837945855,0.007986288128164445
33_0,right,98,knee_outer,1.6218632140427307,1.6218632140427307,0.023854521972246075,0.0006341892459109606,0.023862950666755357,0.3103758237828309
33_0,right,98,ankle_inner,1.6218632140427307,1.6218632140427307,-0.010718354096997305,-0.0005879755968293559,0.010734469239374891,0.13961893395203728
33_0,right,98,ankle_outer,1.6218632140427307,1.6218632140427307,-0.010718354096997305,-0.0005879755968293559,0.010734469239374891,0.13961893395203728
7_0,left,99,femur_head,1.6999068908596957,-1.6999068908596957,-0.01982270529412789,-2.89665925740188e-05,0.019822726458318778,0.22335741221721891
7_0,left,99,knee_inner,1.6999068908596957,-1.6999068908596957,0.016521987303347162,2.4143307768942156e-05,0.01652200494344663,0.18616572632266062
7_0,left,99,ost_point,1.6999068908596957,-1.6999068908596957,-9.902279650023799e-05,-0.0007142221000607787,0.0007210538970437346,0.008124650907708126
7_0,left,99,knee_outer,1.6999068908596957,-1.6999068908596957,0.027536645505578605,4.0238846281570256e-05,0.027536674905744383,0.3102762105377677
7_0,left,99,ankle_inner,1.6999068908596957,-1.6999068908596957,-0.012068452359148819,0.00033940326929214257,0.012073223965629515,0.1360380000073223
7_0,left,99,ankle_outer,1.6999068908596957,-1.6999068908596957,-0.012068452359148819,0.00033940326929214257,0.012073223965629515,0.1360380000073223
7_0,right,100,femur_head,1.2170744011178245,-1.2170744011178245,-0.019639447398806964,-0.0003599239686241261,0.01964274521022191,0.22226708971630027
7_0,right,100,knee_inner,1.2170744011178245,-1.2170744011178245,0.016458233372350993,0.00030162318478871514,0.01646099700152971,0.18626408163431143
7_0,right,100,ost_point,1.2170744011178245,-1.2170744011178245,6.838777912437574e-05,-0.0005135787684735233,0.0005181119953835707,0.005862685898969133
7_0,right,100,knee_outer,1.2170744011178245,-1.2170744011178245,0.02743038895391832,0.0005027053079811919,0.02743499500254951,0.3104401360571857
7_0,right,100,ankle_inner,1.2170744011178245,-1.2170744011178245,-0.012158781353293362,3.458712216387121e-05,0.012158830546817155,0.13758300334661674
7_0,right,100,ankle_outer,1.2170744011178245,-1.2170744011178245,-0.012158781353293362,3.458712216387121e-05,0.012158830546817155,0.13758300334661674
18_0,left,101,femur_head,8.616523810839166,-8.616523810839166,-0.018450184601465337,0.0001066915049764469,0.018450493080277904,0.2153645891580263
18_0,left,101,knee_inner,8.616523810839166,-8.616523810839166,0.015534645855503175,-8.983187872646666e-05,0.01553490558781538,0.18133220315422557
18_0,left,101,ost_point,8.616523810839166,-8.616523810839166,-0.0009055156508835302,-0.0033327698151056255,0.003453594248674011,0.04031230511011351
18_0,left,101,knee_outer,8.616523810839166,-8.616523810839166,0.02589107642583862,-0.00014971979787744446,0.025891509313025626,0.3022203385903759
18_0,left,101,ankle_inner,8.616523810839166,-8.616523810839166,-0.011035011014496464,0.001732814993366545,0.011170233475236503,0.13038528199362936
18_0,left,101,ankle_outer,8.616523810839166,-8.616523810839166,-0.011035011014496464,0.001732814993366545,0.011170233475236503,0.13038528199362936
18_0,right,102,femur_head,5.221467375044614,5.221467375044614,-0.018520658759017976,-0.0005773376819782801,0.01852965514161074,0.2208421281342973
18_0,right,102,knee_inner,5.221467375044614,5.221467375044614,0.01540878826031862,0.00048033248774020335,0.015416273056420337,0.18373588302967975
18_0,right,102,ost_point,5.221467375044614,5.221467375044614,-0.0005389122907027248,0.0019978673329690026,0.0020692753169201856,0.024662259561334814
18_0,right,102,knee_outer,5.221467375044614,5.221467375044614,0.0256813137671977,0.0008005541462336722,0.025693788427367227,0.30622647171613293
18_0,right,102,ankle_inner,5.221467375044614,5.221467375044614,-0.01101526548889781,-0.001350708142482299,0.011097769428000885,0.1322666287792775
18_0,right,102,ankle_outer,5.221467375044614,5.221467375044614,-0.01101526548889781,-0.001350708142482299,0.011097769428000885,0.1322666287792775
13_0,left,103,femur_head,1.525362522947463,-1.525362522947463,-0.01802777931021901,-0.0002335876229965986,0.0180292925550499,0.22222778492838102
13_0,left,103,knee_inner,1.525362522947463,-1.525362522947463,0.01511338926109243,0.0001958255984928635,0.015114657873148472,0.18630220397412608
13_0,left,103,ost_point,1.525362522947463,-1.525362522947463,-7.638219774305094e-05,-0.0005895616229221708,0.0005944889800111373,0.007327629122929942
13_0,left,103,knee_outer,1.525362522947463,-1.525362522947463,0.025188982101820717,0.00032637599748810584,0.025191096455247454,0.31050367329021017
13_0,left,103,ankle_inner,1.525362522947463,-1.525362522947463,-0.011099104927475543,0.00015047382496890003,0.011100124889527715,0.13681935434217635
13_0,left,103,ankle_outer,1.525362522947463,-1.525362522947463,-0.011099104927475543,0.00015047382496890003,0.011100124889527715,0.13681935434217635
13_0,right,104,femur_head,3.0790505092030984,3.0790505092030984,-0.017814315056027506,0.00018069396384662437,0.017815231438967582,0.21813039580512755
13_0,right,104,knee_inner,3.0790505092030984,3.0790505092030984,0.01511649182966517,-0.0001533294330748415,0.015117269434371436,0.18509644269899503
13_0,right,104,ost_point,3.0790505092030984,3.0790505092030984,-0.00018424441374072578,0.0011972302480965664,0.0012113241807840004,0.014831501005638813
13_0,right,104,knee_outer,3.0790505092030984,3.0790505092030984,0.02519415304944195,-0.0002555490551247358,0.025195449057285726,0.3084940711649917
13_0,right,104,ankle_inner,3.0790505092030984,3.0790505092030984,-0.011156042704669444,-0.0004845228618718067,0.011166559507390124,0.1367237946626235
13_0,right,104,ankle_outer,3.0790505092030984,3.0790505092030984,-0.011156042704669444,-0.0004845228618718067,0.011166559507390124,0.1367237946626235
59_0,left,105,femur_head,2.0561659272163944,2.0561659272163944,-0.020788926748681755,0.0018516550381226958,0.02087122664680399,0.2286910519994598
59_0,left,105,knee_inner,2.0561659272163944,2.0561659272163944,0.016851440381056678,-0.0015009459054054555,0.016918152426528762,0.1853762666557282
59_0,left,105,ost_point,2.0561659272163944,2.0561659272163944,0.00021164548196000305,0.0008576273287085917,0.0008833563522055619,0.009679148087217478
59_0,left,105,knee_outer,2.0561659272163944,2.0561659272163944,0.028085733968427794,-0.002501576509009092,0.028196920710881267,0.3089604444262136
59_0,left,105,ankle_inner,2.0561659272163944,2.0561659272163944,-0.01217994654138136,0.00064662002379163,0.01219709863885982,0.13364654441569046
59_0,left,105,ankle_outer,2.0561659272163944,2.0561659272163944,-0.01217994654138136,0.00064662002379163,0.01219709863885982,0.13364654441569046
59_0,right,106,femur_head,0.7887425477643656,-0.7887425477643656,-0.021039221356534202,0.0005253874833577773,0.02104578027294103,0.22924742798668046
59_0,right,106,knee_inner,0.7887425477643656,-0.7887425477643656,0.017139345150528364,-0.0004280005073590701,0.01714468829180746,0.18675362203527204
59_0,right,106,ost_point,0.7887425477643656,-0.7887425477643656,1.482331744058138e-05,-0.000339497479209316,0.0003398209368614951,0.0037016007361667354
59_0,right,106,knee_outer,0.7887425477643656,-0.7887425477643656,0.028565575250880607,-0.0007133341789317834,0.02857448048634577,0.31125603672545343
59_0,right,106,ankle_inner,0.7887425477643656,-0.7887425477643656,-0.012340261181157676,0.0004777223410711961,0.012349504631941541,0.1345206562582137
59_0,right,106,ankle_outer,0.7887425477643656,-0.7887425477643656,-0.012340261181157676,0.0004777223410711961,0.012349504631941541,0.1345206562582137
